NEIGHBORHOOD,VARIABLE,VALUE
Allegheny Center,Population,1411.756509
Allegheny West,Population,537.2434911
Allentown,Population,1837
Arlington,Population,2110.638298
Arlington Heights,Population,323.404256
Banksville,Population,3750
Bedford Dwellings,Population,1545
Beechview,Population,6812
Beltzhoover,Population,1880.270842
Bloomfield,Population,8520
Bluff,Population,6609
Bon Air,Population,889.7291577
Brighton Heights,Population,7023
Brookline,Population,13513
California-Kirkbride,Population,708.7412406
Carrick,Population,9156
Central Business District,Population,4600
Central Lawrenceville,Population,4654
Central Northside,Population,2995
Central Oakland,Population,5418
Chartiers City,Population,553.5000004
Chateau,Population,5
Crafton Heights,Population,4094
Crawford-Roberts,Population,2978
Duquesne Heights,Population,2346
East Allegheny,Population,1934
East Carnegie,Population,506.2222956
East Hills,Population,3994
East Liberty,Population,6645
Elliot,Population,2413.397413
Esplen,Population,329.5012002
Fairywood,Population,1228.500001
Fineview,Population,1255
Friendship,Population,1935
Garfield,Population,4038
Glen Hazel,Population,713.7932573
Greenfield,Population,6582
Hays,Population,352.3739902
Hazelwood,Population,4303.206743
Highland Park,Population,6605
Homewood North,Population,2735.360376
Homewood South,Population,2186
Homewood West,Population,671.6396239
Knoxville,Population,3513
Larimer,Population,1473
Lincoln Place,Population,3249
Lincoln-Lemington-Belmar,Population,3644
Lower Lawrenceville,Population,2724
Manchester,Population,2030.258759
Marshall-Shadeland,Population,4472
Middle Hill,Population,1746
Morningside,Population,3222
Mount Washington,Population,8711
Mt. Oliver,Population,227.3556224
New Homestead,Population,1006.62601
North Oakland,Population,10103
North Shore,Population,366
Northview Heights,Population,1799.687388
Oakwood,Population,1056.777704
Overbrook,Population,3597
Perry North,Population,3799
Perry South,Population,3552
Point Breeze,Population,5379.958072
Point Breeze North,Population,2338
Polish Hill,Population,1115
Regent Square,Population,1017.041928
Ridgemont,Population,382.1413216
Shadyside,Population,14218
Sheraden,Population,5184.4988
South Oakland,Population,3280
South Shore,Population,167
South Side Flats,Population,7335
South Side Slopes,Population,4085
Spring Garden,Population,985.0391742
Spring Hill-City View,Population,2643
Squirrel Hill North,Population,12183
Squirrel Hill South,Population,14819
St. Clair,Population,538.601824
Stanton Heights,Population,4589
Strip District,Population,1928
Summer Hill,Population,1015.312612
Swisshelm Park,Population,1369
Terrace Village,Population,3189
Troy Hill,Population,2780.960826
Upper Hill,Population,1550
Upper Lawrenceville,Population,2549
West End,Population,225.6025866
West Oakland,Population,2102
Westwood,Population,3264.858678
Windgap,Population,1511.999999
Allegheny Center,Median Age,0
Allegheny West,Median Age,31.3
Allentown,Median Age,37.9
Arlington,Median Age,30.3
Arlington Heights,Median Age,30.3
Banksville,Median Age,15.692
Bedford Dwellings,Median Age,42.3
Beechview,Median Age,44.9
Beltzhoover,Median Age,36.6
Bloomfield,Median Age,44.5
Bluff,Median Age,32.6
Bon Air,Median Age,30.3
Brighton Heights,Median Age,38
Brookline,Median Age,34.1
California-Kirkbride,Median Age,39.1
Carrick,Median Age,29.61852
Central Business District,Median Age,35.4
Central Lawrenceville,Median Age,36
Central Northside,Median Age,42.3
Central Oakland,Median Age,30.9
Chartiers City,Median Age,43.2
Chateau,Median Age,44.5
Crafton Heights,Median Age,40.3
Crawford-Roberts,Median Age,38
Duquesne Heights,Median Age,32.3
East Allegheny,Median Age,45.7
East Carnegie,Median Age,32.6
East Hills,Median Age,43.9
East Liberty,Median Age,38
Elliot,Median Age,27.3
Esplen,Median Age,39.5
Fairywood,Median Age,37.4
Fineview,Median Age,30.9
Friendship,Median Age,42.6
Garfield,Median Age,35.4
Glen Hazel,Median Age,33
Greenfield,Median Age,44.4
Hays,Median Age,29.7
Hazelwood,Median Age,39.1
Highland Park,Median Age,20.7
Homewood North,Median Age,30.3
Homewood South,Median Age,27
Homewood West,Median Age,32.9
Knoxville,Median Age,41.7
Larimer,Median Age,37.9
Lincoln Place,Median Age,33.5
Lincoln-Lemington-Belmar,Median Age,36.5
Lower Lawrenceville,Median Age,31.5
Manchester,Median Age,38.85307
Marshall-Shadeland,Median Age,36
Middle Hill,Median Age,33.2
Morningside,Median Age,36.7
Mount Washington,Median Age,19.56918
Mt. Oliver,Median Age,40.5
New Homestead,Median Age,45.5
North Oakland,Median Age,36.6
North Shore,Median Age,22.57964
Northview Heights,Median Age,31.2
Oakwood,Median Age,45.00766
Overbrook,Median Age,41.88699
Perry North,Median Age,44.70424
Perry South,Median Age,36.1
Point Breeze,Median Age,39.35843
Point Breeze North,Median Age,22.7
Polish Hill,Median Age,33.83159
Regent Square,Median Age,35.78715
Ridgemont,Median Age,38.47632
Shadyside,Median Age,58.80174
Sheraden,Median Age,39.2
South Oakland,Median Age,40.80852
South Shore,Median Age,28
South Side Flats,Median Age,35.37608
South Side Slopes,Median Age,52.80001
Spring Garden,Median Age,44.4537
Spring Hill-City View,Median Age,21.2352
Squirrel Hill North,Median Age,42.6857
Squirrel Hill South,Median Age,36.26244
St. Clair,Median Age,24.17019
Stanton Heights,Median Age,32.74296
Strip District,Median Age,42.35419
Summer Hill,Median Age,40.54376
Swisshelm Park,Median Age,27.98722
Terrace Village,Median Age,33.23244
Troy Hill,Median Age,35.64988
Upper Hill,Median Age,43.14988
Upper Lawrenceville,Median Age,28.75535
West End,Median Age,25.10903
West Oakland,Median Age,40.15626
Westwood,Median Age,30.5858
Windgap,Median Age,36.80197
Allegheny Center,Senior Population,197.7473201
Allegheny West,Senior Population,75.25267987
Allentown,Senior Population,268
Arlington,Senior Population,238.7659574
Arlington Heights,Senior Population,36.58510646
Banksville,Senior Population,803
Bedford Dwellings,Senior Population,211
Beechview,Senior Population,1489
Beltzhoover,Senior Population,267.4464664
Bloomfield,Senior Population,1238
Bluff,Senior Population,123
Bon Air,Senior Population,126.5535336
Brighton Heights,Senior Population,1444
Brookline,Senior Population,2539
California-Kirkbride,Senior Population,71.67627735
Carrick,Senior Population,1867
Central Business District,Senior Population,523
Central Lawrenceville,Senior Population,897
Central Northside,Senior Population,432
Central Oakland,Senior Population,143
Chartiers City,Senior Population,105.1885247
Chateau,Senior Population,0
Crafton Heights,Senior Population,546
Crawford-Roberts,Senior Population,536
Duquesne Heights,Senior Population,643
East Allegheny,Senior Population,349
East Carnegie,Senior Population,122.4261214
East Hills,Senior Population,433
East Liberty,Senior Population,579
Elliot,Senior Population,301.7889907
Esplen,Senior Population,26.47482024
Fairywood,Senior Population,233.4672133
Fineview,Senior Population,131
Friendship,Senior Population,160
Garfield,Senior Population,525
Glen Hazel,Senior Population,183.8430174
Greenfield,Senior Population,1487
Hays,Senior Population,61.45153471
Hazelwood,Senior Population,911.1569826
Highland Park,Senior Population,1027
Homewood North,Senior Population,621.3124159
Homewood South,Senior Population,295
Homewood West,Senior Population,136.6875841
Knoxville,Senior Population,486
Larimer,Senior Population,392
Lincoln Place,Senior Population,707
Lincoln-Lemington-Belmar,Senior Population,849
Lower Lawrenceville,Senior Population,286
Manchester,Senior Population,205.3237227
Marshall-Shadeland,Senior Population,548
Middle Hill,Senior Population,474
Morningside,Senior Population,537
Mount Washington,Senior Population,1558
Mt. Oliver,Senior Population,25.71960478
New Homestead,Senior Population,175.5484653
North Oakland,Senior Population,1106
North Shore,Senior Population,44
Northview Heights,Senior Population,202.0252982
Oakwood,Senior Population,255.5738786
Overbrook,Senior Population,723
Perry North,Senior Population,474
Perry South,Senior Population,771
Point Breeze,Senior Population,1228.698278
Point Breeze North,Senior Population,292
Polish Hill,Senior Population,248
Regent Square,Senior Population,227.3017223
Ridgemont,Senior Population,63.39333687
Shadyside,Senior Population,1976
Sheraden,Senior Population,579.5251798
South Oakland,Senior Population,245
South Shore,Senior Population,0
South Side Flats,Senior Population,1013
South Side Slopes,Senior Population,582
Spring Garden,Senior Population,144.9048599
Spring Hill-City View,Senior Population,473
Squirrel Hill North,Senior Population,1313
Squirrel Hill South,Senior Population,2997
St. Clair,Senior Population,60.92933134
Stanton Heights,Senior Population,1102
Strip District,Senior Population,132
Summer Hill,Senior Population,113.9747018
Swisshelm Park,Senior Population,371
Terrace Village,Senior Population,174
Troy Hill,Senior Population,409.0951401
Upper Hill,Senior Population,415
Upper Lawrenceville,Senior Population,277
West End,Senior Population,28.21100931
West Oakland,Senior Population,147
Westwood,Senior Population,541.6066631
Windgap,Senior Population,287.344262
Allegheny Center,Minor Population,95.61408886
Allegheny West,Minor Population,36.38591114
Allentown,Minor Population,267
Arlington,Minor Population,596.2553191
Arlington Heights,Minor Population,91.36170232
Banksville,Minor Population,582
Bedford Dwellings,Minor Population,582
Beechview,Minor Population,989
Beltzhoover,Minor Population,566.7964452
Bloomfield,Minor Population,749
Bluff,Minor Population,190
Bon Air,Minor Population,268.2035548
Brighton Heights,Minor Population,1103
Brookline,Minor Population,2055
California-Kirkbride,Minor Population,108.1613138
Carrick,Minor Population,1360
Central Business District,Minor Population,73
Central Lawrenceville,Minor Population,282
Central Northside,Minor Population,473
Central Oakland,Minor Population,0
Chartiers City,Minor Population,110.3975411
Chateau,Minor Population,0
Crafton Heights,Minor Population,1055
Crawford-Roberts,Minor Population,447
Duquesne Heights,Minor Population,159
East Allegheny,Minor Population,145
East Carnegie,Minor Population,84.85620054
East Hills,Minor Population,1683
East Liberty,Minor Population,797
Elliot,Minor Population,393.2402
Esplen,Minor Population,104.9064752
Fairywood,Minor Population,245.0286887
Fineview,Minor Population,323
Friendship,Minor Population,143
Garfield,Minor Population,792
Glen Hazel,Minor Population,159.5139644
Greenfield,Minor Population,702
Hays,Minor Population,71.56381258
Hazelwood,Minor Population,1188.486036
Highland Park,Minor Population,1095
Homewood North,Minor Population,613.9681756
Homewood South,Minor Population,807
Homewood West,Minor Population,185.0318244
Knoxville,Minor Population,832
Larimer,Minor Population,316
Lincoln Place,Minor Population,503
Lincoln-Lemington-Belmar,Minor Population,874
Lower Lawrenceville,Minor Population,100
Manchester,Minor Population,309.8386862
Marshall-Shadeland,Minor Population,1037
Middle Hill,Minor Population,539
Morningside,Minor Population,536
Mount Washington,Minor Population,727
Mt. Oliver,Minor Population,64.22796333
New Homestead,Minor Population,204.4361874
North Oakland,Minor Population,225
North Shore,Minor Population,0
Northview Heights,Minor Population,593.2894834
Oakwood,Minor Population,177.1437995
Overbrook,Minor Population,658
Perry North,Minor Population,744
Perry South,Minor Population,615
Point Breeze,Minor Population,962.4364859
Point Breeze North,Minor Population,217
Polish Hill,Minor Population,31
Regent Square,Minor Population,179.5635141
Ridgemont,Minor Population,76.17678663
Shadyside,Minor Population,1172
Sheraden,Minor Population,1209.093525
South Oakland,Minor Population,75
South Shore,Minor Population,14
South Side Flats,Minor Population,435
South Side Slopes,Minor Population,280
Spring Garden,Minor Population,125.5493371
Spring Hill-City View,Minor Population,641
Squirrel Hill North,Minor Population,1664
Squirrel Hill South,Minor Population,2638
St. Clair,Minor Population,152.1550153
Stanton Heights,Minor Population,713
Strip District,Minor Population,55
Summer Hill,Minor Population,334.7105166
Swisshelm Park,Minor Population,193
Terrace Village,Minor Population,523
Troy Hill,Minor Population,354.4506629
Upper Hill,Minor Population,283
Upper Lawrenceville,Minor Population,177
West End,Minor Population,36.75980001
West Oakland,Minor Population,110
Westwood,Minor Population,650.8232134
Windgap,Minor Population,301.5737702
Allegheny Center,Hispanic Population,57.22358348
Allegheny West,Hispanic Population,21.77641652
Allentown,Hispanic Population,107
Arlington,Hispanic Population,54.74468084
Arlington Heights,Hispanic Population,8.38829789
Banksville,Hispanic Population,3
Bedford Dwellings,Hispanic Population,60
Beechview,Hispanic Population,358
Beltzhoover,Hispanic Population,295.9559882
Bloomfield,Hispanic Population,420
Bluff,Hispanic Population,373
Bon Air,Hispanic Population,140.0440118
Brighton Heights,Hispanic Population,121
Brookline,Hispanic Population,411
California-Kirkbride,Hispanic Population,21.47700729
Carrick,Hispanic Population,663
Central Business District,Hispanic Population,404
Central Lawrenceville,Hispanic Population,225
Central Northside,Hispanic Population,114
Central Oakland,Hispanic Population,327
Chartiers City,Hispanic Population,35.79098363
Chateau,Hispanic Population,0
Crafton Heights,Hispanic Population,15
Crawford-Roberts,Hispanic Population,151
Duquesne Heights,Hispanic Population,48
East Allegheny,Hispanic Population,32
East Carnegie,Hispanic Population,2.267150396
East Hills,Hispanic Population,107
East Liberty,Hispanic Population,194
Elliot,Hispanic Population,11.88865721
Esplen,Hispanic Population,0
Fairywood,Hispanic Population,79.43852466
Fineview,Hispanic Population,62
Friendship,Hispanic Population,86
Garfield,Hispanic Population,273
Glen Hazel,Hispanic Population,49.50433379
Greenfield,Hispanic Population,521
Hays,Hispanic Population,4.407915992
Hazelwood,Hispanic Population,279.4956662
Highland Park,Hispanic Population,225
Homewood North,Hispanic Population,128.1873599
Homewood South,Hispanic Population,53
Homewood West,Hispanic Population,13.81264008
Knoxville,Hispanic Population,688
Larimer,Hispanic Population,35
Lincoln Place,Hispanic Population,27
Lincoln-Lemington-Belmar,Hispanic Population,122
Lower Lawrenceville,Hispanic Population,109
Manchester,Hispanic Population,61.52299271
Marshall-Shadeland,Hispanic Population,228
Middle Hill,Hispanic Population,1
Morningside,Hispanic Population,121
Mount Washington,Hispanic Population,452
Mt. Oliver,Hispanic Population,5.897036456
New Homestead,Hispanic Population,12.59208401
North Oakland,Hispanic Population,467
North Shore,Hispanic Population,24
Northview Heights,Hispanic Population,30.04806651
Oakwood,Hispanic Population,4.732849604
Overbrook,Hispanic Population,49
Perry North,Hispanic Population,122
Perry South,Hispanic Population,61
Point Breeze,Hispanic Population,236.7738956
Point Breeze North,Hispanic Population,110
Polish Hill,Hispanic Population,0
Regent Square,Hispanic Population,40.22610438
Ridgemont,Hispanic Population,23.8903815
Shadyside,Hispanic Population,1001
Sheraden,Hispanic Population,174
South Oakland,Hispanic Population,29
South Shore,Hispanic Population,25
South Side Flats,Hispanic Population,120
South Side Slopes,Hispanic Population,262
Spring Garden,Hispanic Population,34.26450659
Spring Hill-City View,Hispanic Population,67
Squirrel Hill North,Hispanic Population,731
Squirrel Hill South,Hispanic Population,690
St. Clair,Hispanic Population,13.96998481
Stanton Heights,Hispanic Population,104
Strip District,Hispanic Population,87
Summer Hill,Hispanic Population,16.95193349
Swisshelm Park,Hispanic Population,22
Terrace Village,Hispanic Population,75
Troy Hill,Hispanic Population,96.73549341
Upper Hill,Hispanic Population,0
Upper Lawrenceville,Hispanic Population,68
West End,Hispanic Population,1.111342791
West Oakland,Hispanic Population,88
Westwood,Hispanic Population,204.1096185
Windgap,Hispanic Population,97.77049171
Allegheny Center,White Population,970.6278717
Allegheny West,White Population,369.3721283
Allentown,White Population,987
Arlington,White Population,833.0425531
Arlington Heights,White Population,127.6436173
Banksville,White Population,2963
Bedford Dwellings,White Population,53
Beechview,White Population,4958
Beltzhoover,White Population,586.4815912
Bloomfield,White Population,6826
Bluff,White Population,4233
Bon Air,White Population,277.5184088
Brighton Heights,White Population,4734
Brookline,White Population,11870
California-Kirkbride,White Population,239.6109488
Carrick,White Population,6065
Central Business District,White Population,2811
Central Lawrenceville,White Population,3845
Central Northside,White Population,2138
Central Oakland,White Population,4521
Chartiers City,White Population,249.1926231
Chateau,White Population,5
Crafton Heights,White Population,2130
Crawford-Roberts,White Population,670
Duquesne Heights,White Population,2065
East Allegheny,White Population,1332
East Carnegie,White Population,409.3825858
East Hills,White Population,160
East Liberty,White Population,2723
Elliot,White Population,1447.672643
Esplen,White Population,70.82014414
Fairywood,White Population,553.0860661
Fineview,White Population,493
Friendship,White Population,1222
Garfield,White Population,1164
Glen Hazel,White Population,251.9643656
Greenfield,White Population,5372
Hays,White Population,260.8449111
Hazelwood,White Population,1741.035634
Highland Park,White Population,4951
Homewood North,White Population,181.5477364
Homewood South,White Population,221
Homewood West,White Population,43.45226359
Knoxville,White Population,1012
Larimer,White Population,297
Lincoln Place,White Population,2884
Lincoln-Lemington-Belmar,White Population,292
Lower Lawrenceville,White Population,2186
Manchester,White Population,686.3890512
Marshall-Shadeland,White Population,1603
Middle Hill,White Population,62
Morningside,White Population,2513
Mount Washington,White Population,7109
Mt. Oliver,White Population,89.73442222
New Homestead,White Population,745.1550889
North Oakland,White Population,6269
North Shore,White Population,326
Northview Heights,White Population,581.1423927
Oakwood,White Population,854.6174142
Overbrook,White Population,3063
Perry North,White Population,2547
Perry South,White Population,1188
Point Breeze,White Population,4414.880208
Point Breeze North,White Population,1369
Polish Hill,White Population,1017
Regent Square,White Population,825.1197917
Ridgemont,White Population,261.0128961
Shadyside,White Population,9042
Sheraden,White Population,2119.179856
South Oakland,White Population,2069
South Shore,White Population,138
South Side Flats,White Population,5987
South Side Slopes,White Population,3348
Spring Garden,White Population,721.3855662
Spring Hill-City View,White Population,1557
Squirrel Hill North,White Population,8014
Squirrel Hill South,White Population,10200
St. Clair,White Population,212.5794074
Stanton Heights,White Population,2782
Strip District,White Population,1510
Summer Hill,White Population,327.8576073
Swisshelm Park,White Population,1237
Terrace Village,White Population,1024
Troy Hill,White Population,2036.614434
Upper Hill,White Population,439
Upper Lawrenceville,White Population,2277
West End,White Population,135.3273568
West Oakland,White Population,1128
Westwood,White Population,2229.987104
Windgap,White Population,680.7213108
Allegheny Center,Black Population,188.3307811
Allegheny West,Black Population,71.66921892
Allentown,Black Population,718
Arlington,Black Population,1030.255319
Arlington Heights,Black Population,157.8617025
Banksville,Black Population,570
Bedford Dwellings,Black Population,1410
Beechview,Black Population,901
Beltzhoover,Black Population,889.9043589
Bloomfield,Black Population,272
Bluff,Black Population,1557
Bon Air,Black Population,421.0956411
Brighton Heights,Black Population,1766
Brookline,Black Population,575
California-Kirkbride,Black Population,335.3518247
Carrick,Black Population,1776
Central Business District,Black Population,485
Central Lawrenceville,Black Population,256
Central Northside,Black Population,568
Central Oakland,Black Population,173
Chartiers City,Black Population,211.385246
Chateau,Black Population,0
Crafton Heights,Black Population,1543
Crawford-Roberts,Black Population,1782
Duquesne Heights,Black Population,26
East Allegheny,Black Population,442
East Carnegie,Black Population,16.84168866
East Hills,Black Population,3628
East Liberty,Black Population,2700
Elliot,Black Population,828.5479563
Esplen,Black Population,219.8513197
Fairywood,Black Population,469.1721316
Fineview,Black Population,504
Friendship,Black Population,125
Garfield,Black Population,2278
Glen Hazel,Black Population,334.4715885
Greenfield,Black Population,255
Hays,Black Population,70.2673667
Hazelwood,Black Population,1669.528411
Highland Park,Black Population,744
Homewood North,Black Population,2248.19229
Homewood South,Black Population,1652
Homewood West,Black Population,554.8077099
Knoxville,Black Population,1391
Larimer,Black Population,1075
Lincoln Place,Black Population,205
Lincoln-Lemington-Belmar,Black Population,3125
Lower Lawrenceville,Black Population,107
Manchester,Black Population,960.6481753
Marshall-Shadeland,Black Population,2162
Middle Hill,Black Population,1608
Morningside,Black Population,296
Mount Washington,Black Population,713
Mt. Oliver,Black Population,110.9779632
New Homestead,Black Population,200.7326333
North Oakland,Black Population,784
North Shore,Black Population,0
Northview Heights,Black Population,1125.843513
Oakwood,Black Population,35.15831134
Overbrook,Black Population,115
Perry North,Black Population,765
Perry South,Black Population,1950
Point Breeze,Black Population,189.8417768
Point Breeze North,Black Population,321
Polish Hill,Black Population,35
Regent Square,Black Population,58.1582232
Ridgemont,Black Population,23.68081675
Shadyside,Black Population,644
Sheraden,Black Population,2288.14868
South Oakland,Black Population,612
South Shore,Black Population,0
South Side Flats,Black Population,882
South Side Slopes,Black Population,316
Spring Garden,Black Population,145.6895433
Spring Hill-City View,Black Population,755
Squirrel Hill North,Black Population,476
Squirrel Hill South,Black Population,654
St. Clair,Black Population,262.9050153
Stanton Heights,Black Population,1348
Strip District,Black Population,51
Summer Hill,Black Population,635.1564868
Swisshelm Park,Black Population,53
Terrace Village,Black Population,1530
Troy Hill,Black Population,411.3104567
Upper Hill,Black Population,911
Upper Lawrenceville,Black Population,74
West End,Black Population,77.45204374
West Oakland,Black Population,611
Westwood,Black Population,202.3191833
Windgap,Black Population,577.4426224
Allegheny Center,Asian Population,152.1133232
Allegheny West,Asian Population,57.88667682
Allentown,Asian Population,0
Arlington,Asian Population,24.40425532
Arlington Heights,Asian Population,3.73936171
Banksville,Asian Population,65
Bedford Dwellings,Asian Population,0
Beechview,Asian Population,161
Beltzhoover,Asian Population,0
Bloomfield,Asian Population,680
Bluff,Asian Population,181
Bon Air,Asian Population,0
Brighton Heights,Asian Population,37
Brookline,Asian Population,402
California-Kirkbride,Asian Population,5.951459852
Carrick,Asian Population,103
Central Business District,Asian Population,589
Central Lawrenceville,Asian Population,116
Central Northside,Asian Population,34
Central Oakland,Asian Population,270
Chartiers City,Asian Population,34.27868855
Chateau,Asian Population,0
Crafton Heights,Asian Population,0
Crawford-Roberts,Asian Population,243
Duquesne Heights,Asian Population,137
East Allegheny,Asian Population,21
East Carnegie,Asian Population,30.1207124
East Hills,Asian Population,53
East Liberty,Asian Population,440
Elliot,Asian Population,10.05963302
Esplen,Asian Population,0
Fairywood,Asian Population,76.08196728
Fineview,Asian Population,116
Friendship,Asian Population,355
Garfield,Asian Population,86
Glen Hazel,Asian Population,4.865810586
Greenfield,Asian Population,261
Hays,Asian Population,5.18578352
Hazelwood,Asian Population,31.13418941
Highland Park,Asian Population,233
Homewood North,Asian Population,0
Homewood South,Asian Population,0
Homewood West,Asian Population,0
Knoxville,Asian Population,85
Larimer,Asian Population,0
Lincoln Place,Asian Population,65
Lincoln-Lemington-Belmar,Asian Population,11
Lower Lawrenceville,Asian Population,193
Manchester,Asian Population,17.04854015
Marshall-Shadeland,Asian Population,0
Middle Hill,Asian Population,0
Morningside,Asian Population,74
Mount Washington,Asian Population,78
Mt. Oliver,Asian Population,2.628799384
New Homestead,Asian Population,14.81421648
North Oakland,Asian Population,2167
North Shore,Asian Population,16
Northview Heights,Asian Population,0
Oakwood,Asian Population,62.8792876
Overbrook,Asian Population,98
Perry North,Asian Population,18
Perry South,Asian Population,77
Point Breeze,Asian Population,269.2892438
Point Breeze North,Asian Population,161
Polish Hill,Asian Population,5
Regent Square,Asian Population,40.71075624
Ridgemont,Asian Population,69.05158513
Shadyside,Asian Population,3093
Sheraden,Asian Population,81
South Oakland,Asian Population,413
South Shore,Asian Population,4
South Side Flats,Asian Population,194
South Side Slopes,Asian Population,38
Spring Garden,Asian Population,22.49425623
Spring Hill-City View,Asian Population,10
Squirrel Hill North,Asian Population,2271
Squirrel Hill South,Asian Population,2134
St. Clair,Asian Population,6.22758359
Stanton Heights,Asian Population,134
Strip District,Asian Population,211
Summer Hill,Asian Population,0
Swisshelm Park,Asian Population,21
Terrace Village,Asian Population,314
Troy Hill,Asian Population,63.50574377
Upper Hill,Asian Population,81
Upper Lawrenceville,Asian Population,96
West End,Asian Population,0.940366977
West Oakland,Asian Population,220
Westwood,Asian Population,589.9484149
Windgap,Asian Population,93.63934417
Allegheny Center,Other Race Population,43.46094948
Allegheny West,Other Race Population,16.53905052
Allentown,Other Race Population,25
Arlington,Other Race Population,168.1914893
Arlington Heights,Other Race Population,25.77127665
Banksville,Other Race Population,149
Bedford Dwellings,Other Race Population,22
Beechview,Other Race Population,434
Beltzhoover,Other Race Population,107.9289039
Bloomfield,Other Race Population,322
Bluff,Other Race Population,265
Bon Air,Other Race Population,51.07109606
Brighton Heights,Other Race Population,365
Brookline,Other Race Population,255
California-Kirkbride,Other Race Population,106.35
Carrick,Other Race Population,549
Central Business District,Other Race Population,311
Central Lawrenceville,Other Race Population,212
Central Northside,Other Race Population,141
Central Oakland,Other Race Population,127
Chartiers City,Other Race Population,22.85245903
Chateau,Other Race Population,0
Crafton Heights,Other Race Population,406
Crawford-Roberts,Other Race Population,132
Duquesne Heights,Other Race Population,70
East Allegheny,Other Race Population,107
East Carnegie,Other Race Population,47.61015832
East Hills,Other Race Population,46
East Liberty,Other Race Population,588
Elliot,Other Race Population,115.2285237
Esplen,Other Race Population,38.82973635
Fairywood,Other Race Population,50.72131152
Fineview,Other Race Population,80
Friendship,Other Race Population,147
Garfield,Other Race Population,237
Glen Hazel,Other Race Population,72.98715879
Greenfield,Other Race Population,173
Hays,Other Race Population,11.66801292
Hazelwood,Other Race Population,582.0128412
Highland Park,Other Race Population,452
Homewood North,Other Race Population,177.4329897
Homewood South,Other Race Population,260
Homewood West,Other Race Population,59.56701035
Knoxville,Other Race Population,337
Larimer,Other Race Population,66
Lincoln Place,Other Race Population,68
Lincoln-Lemington-Belmar,Other Race Population,94
Lower Lawrenceville,Other Race Population,129
Manchester,Other Race Population,304.65
Marshall-Shadeland,Other Race Population,479
Middle Hill,Other Race Population,75
Morningside,Other Race Population,218
Mount Washington,Other Race Population,359
Mt. Oliver,Other Race Population,18.11740116
New Homestead,Other Race Population,33.33198708
North Oakland,Other Race Population,416
North Shore,Other Race Population,0
Northview Heights,Other Race Population,62.65341527
Oakwood,Other Race Population,99.38984168
Overbrook,Other Race Population,272
Perry North,Other Race Population,347
Perry South,Other Race Population,276
Point Breeze,Other Race Population,269.1729473
Point Breeze North,Other Race Population,377
Polish Hill,Other Race Population,58
Regent Square,Other Race Population,52.82705274
Ridgemont,Other Race Population,4.505642125
Shadyside,Other Race Population,438
Sheraden,Other Race Population,522.1702636
South Oakland,Other Race Population,157
South Shore,Other Race Population,0
South Side Flats,Other Race Population,152
South Side Slopes,Other Race Population,121
Spring Garden,Other Race Population,61.20530185
Spring Hill-City View,Other Race Population,254
Squirrel Hill North,Other Race Population,691
Squirrel Hill South,Other Race Population,1141
St. Clair,Other Race Population,42.91983285
Stanton Heights,Other Race Population,221
Strip District,Other Race Population,69
Summer Hill,Other Race Population,35.34658473
Swisshelm Park,Other Race Population,36
Terrace Village,Other Race Population,246
Troy Hill,Other Race Population,172.7946982
Upper Hill,Other Race Population,119
Upper Lawrenceville,Other Race Population,34
West End,Other Race Population,10.77147628
West Oakland,Other Race Population,55
Westwood,Other Race Population,38.49435788
Windgap,Other Race Population,62.42622945
Allegheny Center,Non White Population Ratio,0.312467932
Allegheny West,Non White Population Ratio,0.312467932
Allentown,Non White Population Ratio,0.462710942
Arlington,Non White Population Ratio,0.6053125
Arlington Heights,Non White Population Ratio,0.6053125
Banksville,Non White Population Ratio,0.209866667
Bedford Dwellings,Non White Population Ratio,0.965695793
Beechview,Non White Population Ratio,0.272166765
Beltzhoover,Non White Population Ratio,0.688086643
Bloomfield,Non White Population Ratio,0.198826291
Bluff,Non White Population Ratio,0.359509759
Bon Air,Non White Population Ratio,0.688086643
Brighton Heights,Non White Population Ratio,0.32592909
Brookline,Non White Population Ratio,0.12158662
California-Kirkbride,Non White Population Ratio,0.661920409
Carrick,Non White Population Ratio,0.337592835
Central Business District,Non White Population Ratio,0.388913043
Central Lawrenceville,Non White Population Ratio,0.173828964
Central Northside,Non White Population Ratio,0.286143573
Central Oakland,Non White Population Ratio,0.165559247
Chartiers City,Non White Population Ratio,0.549787492
Chateau,Non White Population Ratio,0
Crafton Heights,Non White Population Ratio,0.479726429
Crawford-Roberts,Non White Population Ratio,0.77501679
Duquesne Heights,Non White Population Ratio,0.119778346
East Allegheny,Non White Population Ratio,0.311271975
East Carnegie,Non White Population Ratio,0.191298784
East Hills,Non White Population Ratio,0.95993991
East Liberty,Non White Population Ratio,0.590218209
Elliot,Non White Population Ratio,0.400151573
Esplen,Non White Population Ratio,0.785068631
Fairywood,Non White Population Ratio,0.549787492
Fineview,Non White Population Ratio,0.607171315
Friendship,Non White Population Ratio,0.368475452
Garfield,Non White Population Ratio,0.711738484
Glen Hazel,Non White Population Ratio,0.64700652
Greenfield,Non White Population Ratio,0.183834701
Hays,Non White Population Ratio,0.259749816
Hazelwood,Non White Population Ratio,0.595409717
Highland Park,Non White Population Ratio,0.250416351
Homewood North,Non White Population Ratio,0.933629317
Homewood South,Non White Population Ratio,0.898902104
Homewood West,Non White Population Ratio,0.935304199
Knoxville,Non White Population Ratio,0.711927128
Larimer,Non White Population Ratio,0.798370672
Lincoln Place,Non White Population Ratio,0.112342259
Lincoln-Lemington-Belmar,Non White Population Ratio,0.919868277
Lower Lawrenceville,Non White Population Ratio,0.197503671
Manchester,Non White Population Ratio,0.661920409
Marshall-Shadeland,Non White Population Ratio,0.641547406
Middle Hill,Non White Population Ratio,0.964490263
Morningside,Non White Population Ratio,0.220049659
Mount Washington,Non White Population Ratio,0.183905407
Mt. Oliver,Non White Population Ratio,0.6053125
New Homestead,Non White Population Ratio,0.259749816
North Oakland,Non White Population Ratio,0.37949124
North Shore,Non White Population Ratio,0.109289617
Northview Heights,Non White Population Ratio,0.677087034
Oakwood,Non White Population Ratio,0.191298784
Overbrook,Non White Population Ratio,0.148457048
Perry North,Non White Population Ratio,0.329560411
Perry South,Non White Population Ratio,0.665540541
Point Breeze,Non White Population Ratio,0.1793839
Point Breeze North,Non White Population Ratio,0.414456801
Polish Hill,Non White Population Ratio,0.087892377
Regent Square,Non White Population Ratio,0.188706219
Ridgemont,Non White Population Ratio,0.316972854
Shadyside,Non White Population Ratio,0.364045576
Sheraden,Non White Population Ratio,0.591246919
South Oakland,Non White Population Ratio,0.369207317
South Shore,Non White Population Ratio,0.173652695
South Side Flats,Non White Population Ratio,0.183776414
South Side Slopes,Non White Population Ratio,0.180416157
Spring Garden,Non White Population Ratio,0.267657993
Spring Hill-City View,Non White Population Ratio,0.410896708
Squirrel Hill North,Non White Population Ratio,0.342198145
Squirrel Hill South,Non White Population Ratio,0.311694446
St. Clair,Non White Population Ratio,0.6053125
Stanton Heights,Non White Population Ratio,0.393767705
Strip District,Non White Population Ratio,0.216804979
Summer Hill,Non White Population Ratio,0.677087034
Swisshelm Park,Non White Population Ratio,0.096420745
Terrace Village,Non White Population Ratio,0.678896206
Troy Hill,Non White Population Ratio,0.267657993
Upper Hill,Non White Population Ratio,0.716774194
Upper Lawrenceville,Non White Population Ratio,0.106708513
West End,Non White Population Ratio,0.400151573
West Oakland,Non White Population Ratio,0.463368221
Westwood,Non White Population Ratio,0.316972854
Windgap,Non White Population Ratio,0.549787492
Allegheny Center,Student Population,233.2404289
Allegheny West,Student Population,88.75957112
Allentown,Student Population,319
Arlington,Student Population,542.8297872
Arlington Heights,Student Population,83.17553209
Banksville,Student Population,548
Bedford Dwellings,Student Population,375
Beechview,Student Population,1176
Beltzhoover,Student Population,452.758358
Bloomfield,Student Population,1543
Bluff,Student Population,4139
Bon Air,Student Population,214.241642
Brighton Heights,Student Population,996
Brookline,Student Population,1998
California-Kirkbride,Student Population,121.09927
Carrick,Student Population,1439
Central Business District,Student Population,1861
Central Lawrenceville,Student Population,566
Central Northside,Student Population,504
Central Oakland,Student Population,4659
Chartiers City,Student Population,129.2172132
Chateau,Student Population,0
Crafton Heights,Student Population,952
Crawford-Roberts,Student Population,610
Duquesne Heights,Student Population,222
East Allegheny,Student Population,182
East Carnegie,Student Population,92.62928761
East Hills,Student Population,1799
East Liberty,Student Population,1470
Elliot,Student Population,298.1309423
Esplen,Student Population,99.94244641
Fairywood,Student Population,286.7991806
Fineview,Student Population,336
Friendship,Student Population,457
Garfield,Student Population,968
Glen Hazel,Student Population,165.4375599
Greenfield,Student Population,1089
Hays,Student Population,70.00807752
Hazelwood,Student Population,1219.56244
Highland Park,Student Population,1215
Homewood North,Student Population,524.5428058
Homewood South,Student Population,845
Homewood West,Student Population,144.4571942
Knoxville,Student Population,763
Larimer,Student Population,321
Lincoln Place,Student Population,541
Lincoln-Lemington-Belmar,Student Population,836
Lower Lawrenceville,Student Population,532
Manchester,Student Population,346.90073
Marshall-Shadeland,Student Population,977
Middle Hill,Student Population,473
Morningside,Student Population,486
Mount Washington,Student Population,1386
Mt. Oliver,Student Population,58.47302414
New Homestead,Student Population,199.9919225
North Oakland,Student Population,7596
North Shore,Student Population,23
Northview Heights,Student Population,420.0336105
Oakwood,Student Population,193.3707124
Overbrook,Student Population,578
Perry North,Student Population,835
Perry South,Student Population,729
Point Breeze,Student Population,1229.476915
Point Breeze North,Student Population,485
Polish Hill,Student Population,125
Regent Square,Student Population,204.5230849
Ridgemont,Student Population,58.46856525
Shadyside,Student Population,4667
Sheraden,Student Population,1368.057554
South Oakland,Student Population,2031
South Shore,Student Population,15
South Side Flats,Student Population,1586
South Side Slopes,Student Population,796
Spring Garden,Student Population,151.705449
Spring Hill-City View,Student Population,452
Squirrel Hill North,Student Population,6935
Squirrel Hill South,Student Population,4548
St. Clair,Student Population,138.5216566
Stanton Heights,Student Population,799
Strip District,Student Population,129
Summer Hill,Student Population,236.9663895
Swisshelm Park,Student Population,204
Terrace Village,Student Population,1958
Troy Hill,Student Population,428.294551
Upper Hill,Student Population,362
Upper Lawrenceville,Student Population,218
West End,Student Population,27.86905768
West Oakland,Student Population,1505
Westwood,Student Population,499.5314348
Windgap,Student Population,352.9836062
Allegheny Center,College or Grad Student Population,124.5880552
Allegheny West,College or Grad Student Population,47.41194482
Allentown,College or Grad Student Population,91
Arlington,College or Grad Student Population,96.29787233
Arlington Heights,College or Grad Student Population,14.75531918
Banksville,College or Grad Student Population,200
Bedford Dwellings,College or Grad Student Population,15
Beechview,College or Grad Student Population,429
Beltzhoover,College or Grad Student Population,65.16462125
Bloomfield,College or Grad Student Population,1011
Bluff,College or Grad Student Population,3991
Bon Air,College or Grad Student Population,30.83537875
Brighton Heights,College or Grad Student Population,266
Brookline,College or Grad Student Population,650
California-Kirkbride,College or Grad Student Population,16.04306569
Carrick,College or Grad Student Population,332
Central Business District,College or Grad Student Population,1796
Central Lawrenceville,College or Grad Student Population,359
Central Northside,College or Grad Student Population,148
Central Oakland,College or Grad Student Population,4602
Chartiers City,College or Grad Student Population,51.41803282
Chateau,College or Grad Student Population,0
Crafton Heights,College or Grad Student Population,169
Crawford-Roberts,College or Grad Student Population,349
Duquesne Heights,College or Grad Student Population,134
East Allegheny,College or Grad Student Population,97
East Carnegie,College or Grad Student Population,42.42810027
East Hills,College or Grad Student Population,235
East Liberty,College or Grad Student Population,935
Elliot,College or Grad Student Population,64.01584651
Esplen,College or Grad Student Population,22.39328545
Fairywood,College or Grad Student Population,114.1229509
Fineview,College or Grad Student Population,64
Friendship,College or Grad Student Population,393
Garfield,College or Grad Student Population,283
Glen Hazel,College or Grad Student Population,16.28988761
Greenfield,College or Grad Student Population,520
Hays,College or Grad Student Population,27.74394183
Hazelwood,College or Grad Student Population,115.7101124
Highland Park,College or Grad Student Population,302
Homewood North,College or Grad Student Population,96.41774988
Homewood South,College or Grad Student Population,138
Homewood West,College or Grad Student Population,21.58225013
Knoxville,College or Grad Student Population,129
Larimer,College or Grad Student Population,68
Lincoln Place,College or Grad Student Population,93
Lincoln-Lemington-Belmar,College or Grad Student Population,253
Lower Lawrenceville,College or Grad Student Population,437
Manchester,College or Grad Student Population,45.95693431
Marshall-Shadeland,College or Grad Student Population,84
Middle Hill,College or Grad Student Population,60
Morningside,College or Grad Student Population,167
Mount Washington,College or Grad Student Population,815
Mt. Oliver,College or Grad Student Population,10.37310027
New Homestead,College or Grad Student Population,79.25605817
North Oakland,College or Grad Student Population,7543
North Shore,College or Grad Student Population,23
Northview Heights,College or Grad Student Population,56.8995302
Oakwood,College or Grad Student Population,88.57189973
Overbrook,College or Grad Student Population,133
Perry North,College or Grad Student Population,195
Perry South,College or Grad Student Population,138
Point Breeze,College or Grad Student Population,431.114799
Point Breeze North,College or Grad Student Population,358
Polish Hill,College or Grad Student Population,105
Regent Square,College or Grad Student Population,58.88520099
Ridgemont,College or Grad Student Population,18.0225685
Shadyside,College or Grad Student Population,3832
Sheraden,College or Grad Student Population,475.6067145
South Oakland,College or Grad Student Population,1944
South Shore,College or Grad Student Population,8
South Side Flats,College or Grad Student Population,1250
South Side Slopes,College or Grad Student Population,525
Spring Garden,College or Grad Student Population,77.68365234
Spring Hill-City View,College or Grad Student Population,45
Squirrel Hill North,College or Grad Student Population,5601
Squirrel Hill South,College or Grad Student Population,2293
St. Clair,College or Grad Student Population,24.57370822
Stanton Heights,College or Grad Student Population,329
Strip District,College or Grad Student Population,105
Summer Hill,College or Grad Student Population,32.1004698
Swisshelm Park,College or Grad Student Population,52
Terrace Village,College or Grad Student Population,1460
Troy Hill,College or Grad Student Population,219.3163477
Upper Hill,College or Grad Student Population,150
Upper Lawrenceville,College or Grad Student Population,154
West End,College or Grad Student Population,5.98415349
West Oakland,College or Grad Student Population,1431
Westwood,College or Grad Student Population,153.9774315
Windgap,College or Grad Student Population,140.4590163
Allegheny Center,Bachelors Degree Education or Higher,789.5405822
Allegheny West,Bachelors Degree Education or Higher,300.4594178
Allentown,Bachelors Degree Education or Higher,375
Arlington,Bachelors Degree Education or Higher,253.9361702
Arlington Heights,Bachelors Degree Education or Higher,38.90957455
Banksville,Bachelors Degree Education or Higher,1380
Bedford Dwellings,Bachelors Degree Education or Higher,71
Beechview,Bachelors Degree Education or Higher,1723
Beltzhoover,Bachelors Degree Education or Higher,300.028777
Bloomfield,Bachelors Degree Education or Higher,4422
Bluff,Bachelors Degree Education or Higher,367
Bon Air,Bachelors Degree Education or Higher,141.971223
Brighton Heights,Bachelors Degree Education or Higher,1971
Brookline,Bachelors Degree Education or Higher,3955
California-Kirkbride,Bachelors Degree Education or Higher,215.8051094
Carrick,Bachelors Degree Education or Higher,1735
Central Business District,Bachelors Degree Education or Higher,2005
Central Lawrenceville,Bachelors Degree Education or Higher,2807
Central Northside,Bachelors Degree Education or Higher,1446
Central Oakland,Bachelors Degree Education or Higher,185
Chartiers City,Bachelors Degree Education or Higher,144.8442624
Chateau,Bachelors Degree Education or Higher,0
Crafton Heights,Bachelors Degree Education or Higher,649
Crawford-Roberts,Bachelors Degree Education or Higher,946
Duquesne Heights,Bachelors Degree Education or Higher,1322
East Allegheny,Bachelors Degree Education or Higher,879
East Carnegie,Bachelors Degree Education or Higher,147.6886544
East Hills,Bachelors Degree Education or Higher,266
East Liberty,Bachelors Degree Education or Higher,2698
Elliot,Bachelors Degree Education or Higher,317.3356963
Esplen,Bachelors Degree Education or Higher,62.76738632
Fairywood,Bachelors Degree Education or Higher,321.4836068
Fineview,Bachelors Degree Education or Higher,223
Friendship,Bachelors Degree Education or Higher,1131
Garfield,Bachelors Degree Education or Higher,1319
Glen Hazel,Bachelors Degree Education or Higher,93.50818604
Greenfield,Bachelors Degree Education or Higher,3248
Hays,Bachelors Degree Education or Higher,78.04604198
Hazelwood,Bachelors Degree Education or Higher,597.491814
Highland Park,Bachelors Degree Education or Higher,3820
Homewood North,Bachelors Degree Education or Higher,270.1815329
Homewood South,Bachelors Degree Education or Higher,264
Homewood West,Bachelors Degree Education or Higher,74.8184671
Knoxville,Bachelors Degree Education or Higher,428
Larimer,Bachelors Degree Education or Higher,165
Lincoln Place,Bachelors Degree Education or Higher,647
Lincoln-Lemington-Belmar,Bachelors Degree Education or Higher,618
Lower Lawrenceville,Bachelors Degree Education or Higher,1788
Manchester,Bachelors Degree Education or Higher,618.1948906
Marshall-Shadeland,Bachelors Degree Education or Higher,550
Middle Hill,Bachelors Degree Education or Higher,104
Morningside,Bachelors Degree Education or Higher,1424
Mount Washington,Bachelors Degree Education or Higher,3691
Mt. Oliver,Bachelors Degree Education or Higher,27.35372332
New Homestead,Bachelors Degree Education or Higher,222.953958
North Oakland,Bachelors Degree Education or Higher,2143
North Shore,Bachelors Degree Education or Higher,280
Northview Heights,Bachelors Degree Education or Higher,274.268522
Oakwood,Bachelors Degree Education or Higher,308.3113456
Overbrook,Bachelors Degree Education or Higher,758
Perry North,Bachelors Degree Education or Higher,1083
Perry South,Bachelors Degree Education or Higher,780
Point Breeze,Bachelors Degree Education or Higher,3409.563263
Point Breeze North,Bachelors Degree Education or Higher,1369
Polish Hill,Bachelors Degree Education or Higher,522
Regent Square,Bachelors Degree Education or Higher,641.4367367
Ridgemont,Bachelors Degree Education or Higher,100.2767329
Shadyside,Bachelors Degree Education or Higher,8562
Sheraden,Bachelors Degree Education or Higher,1100.232614
South Oakland,Bachelors Degree Education or Higher,618
South Shore,Bachelors Degree Education or Higher,108
South Side Flats,Bachelors Degree Education or Higher,2830
South Side Slopes,Bachelors Degree Education or Higher,1333
Spring Garden,Bachelors Degree Education or Higher,288.7634754
Spring Hill-City View,Bachelors Degree Education or Higher,542
Squirrel Hill North,Bachelors Degree Education or Higher,4509
Squirrel Hill South,Bachelors Degree Education or Higher,8169
St. Clair,Bachelors Degree Education or Higher,64.80053195
Stanton Heights,Bachelors Degree Education or Higher,1803
Strip District,Bachelors Degree Education or Higher,1587
Summer Hill,Bachelors Degree Education or Higher,154.731478
Swisshelm Park,Bachelors Degree Education or Higher,608
Terrace Village,Bachelors Degree Education or Higher,209
Troy Hill,Bachelors Degree Education or Higher,815.2365246
Upper Hill,Bachelors Degree Education or Higher,587
Upper Lawrenceville,Bachelors Degree Education or Higher,1484
West End,Bachelors Degree Education or Higher,29.66430373
West Oakland,Bachelors Degree Education or Higher,182
Westwood,Bachelors Degree Education or Higher,856.7232671
Windgap,Bachelors Degree Education or Higher,395.6721308
Allegheny Center,Median Income,$0
Allegheny West,Median Income,"$93,500"
Allentown,Median Income,"$42,945"
Arlington,Median Income,"$57,372"
Arlington Heights,Median Income,"$57,372"
Banksville,Median Income,"$31,252"
Bedford Dwellings,Median Income,"$71,250"
Beechview,Median Income,"$103,281"
Beltzhoover,Median Income,"$72,058"
Bloomfield,Median Income,"$61,563"
Bluff,Median Income,"$60,658"
Bon Air,Median Income,"$57,372"
Brighton Heights,Median Income,"$55,833"
Brookline,Median Income,"$31,799"
California-Kirkbride,Median Income,"$92,500"
Carrick,Median Income,"$25,452"
Central Business District,Median Income,"$41,098"
Central Lawrenceville,Median Income,"$75,338"
Central Northside,Median Income,"$71,250"
Central Oakland,Median Income,"$58,427"
Chartiers City,Median Income,"$126,470"
Chateau,Median Income,"$61,563"
Crafton Heights,Median Income,"$54,926"
Crawford-Roberts,Median Income,"$55,833"
Duquesne Heights,Median Income,"$49,500"
East Allegheny,Median Income,"$103,750"
East Carnegie,Median Income,"$60,658"
East Hills,Median Income,"$25,727"
East Liberty,Median Income,"$55,833"
Elliot,Median Income,"$11,986"
Esplen,Median Income,"$39,976"
Fairywood,Median Income,"$30,436"
Fineview,Median Income,"$58,427"
Friendship,Median Income,"$43,125"
Garfield,Median Income,"$41,098"
Glen Hazel,Median Income,"$118,375"
Greenfield,Median Income,"$60,000"
Hays,Median Income,"$58,750"
Hazelwood,Median Income,"$92,500"
Highland Park,Median Income,"$31,042"
Homewood North,Median Income,"$57,372"
Homewood South,Median Income,"$27,177"
Homewood West,Median Income,"$95,523"
Knoxville,Median Income,"$104,286"
Larimer,Median Income,"$42,945"
Lincoln Place,Median Income,"$101,375"
Lincoln-Lemington-Belmar,Median Income,"$38,561"
Lower Lawrenceville,Median Income,"$105,128"
Manchester,Median Income,"$39,186"
Marshall-Shadeland,Median Income,"$75,338"
Middle Hill,Median Income,"$36,365"
Morningside,Median Income,"$68,845"
Mount Washington,Median Income,"$16,638"
Mt. Oliver,Median Income,"$87,813"
New Homestead,Median Income,"$83,500"
North Oakland,Median Income,"$72,058"
North Shore,Median Income,"$26,842"
Northview Heights,Median Income,"$52,099"
Oakwood,Median Income,"$40,931"
Overbrook,Median Income,"$69,125"
Perry North,Median Income,"$30,955"
Perry South,Median Income,"$75,808"
Point Breeze,Median Income,"$85,884"
Point Breeze North,Median Income,"$32,083"
Polish Hill,Median Income,"$60,286"
Regent Square,Median Income,"$57,213"
Ridgemont,Median Income,"$45,973"
Shadyside,Median Income,"$52,837"
Sheraden,Median Income,"$40,632"
South Oakland,Median Income,"$79,503"
South Shore,Median Income,"$82,409"
South Side Flats,Median Income,"$98,973"
South Side Slopes,Median Income,"$89,955"
Spring Garden,Median Income,"$155,961"
Spring Hill-City View,Median Income,"$21,533"
Squirrel Hill North,Median Income,"$68,285"
Squirrel Hill South,Median Income,"$102,903"
St. Clair,Median Income,"$42,285"
Stanton Heights,Median Income,"$65,662"
Strip District,Median Income,"$70,238"
Summer Hill,Median Income,"$78,896"
Swisshelm Park,Median Income,"$69,962"
Terrace Village,Median Income,"$66,397"
Troy Hill,Median Income,"$75,559"
Upper Hill,Median Income,"$56,563"
Upper Lawrenceville,Median Income,"$21,684"
West End,Median Income,"$158,340"
West Oakland,Median Income,"$73,481"
Westwood,Median Income,"$73,702"
Windgap,Median Income,"$88,276"
Allegheny Center,GINI Index,0.4903
Allegheny West,GINI Index,0.4903
Allentown,GINI Index,0.505
Arlington,GINI Index,0.5589
Arlington Heights,GINI Index,0.5589
Banksville,GINI Index,0.3365
Bedford Dwellings,GINI Index,0.5659
Beechview,GINI Index,0.416133
Beltzhoover,GINI Index,0.4486
Bloomfield,GINI Index,0.445776
Bluff,GINI Index,0.29118
Bon Air,GINI Index,0.4486
Brighton Heights,GINI Index,0.416921
Brookline,GINI Index,0.376472
California-Kirkbride,GINI Index,0.4322
Carrick,GINI Index,0.424126
Central Business District,GINI Index,0.5592
Central Lawrenceville,GINI Index,0.471941
Central Northside,GINI Index,0.5711
Central Oakland,GINI Index,0.528876
Chartiers City,GINI Index,0.4205
Chateau,GINI Index,0
Crafton Heights,GINI Index,0.45498
Crawford-Roberts,GINI Index,0.5431
Duquesne Heights,GINI Index,0.4733
East Allegheny,GINI Index,0.5261
East Carnegie,GINI Index,0.3606
East Hills,GINI Index,0.5629
East Liberty,GINI Index,0.457433
Elliot,GINI Index,0.4666
Esplen,GINI Index,0.19118
Fairywood,GINI Index,0.4205
Fineview,GINI Index,0.5069
Friendship,GINI Index,0.4984
Garfield,GINI Index,0.509355
Glen Hazel,GINI Index,0.307363
Greenfield,GINI Index,0.46417
Hays,GINI Index,0.4278
Hazelwood,GINI Index,0.672411
Highland Park,GINI Index,0.441303
Homewood North,GINI Index,0.495103
Homewood South,GINI Index,0.41
Homewood West,GINI Index,0.4515
Knoxville,GINI Index,0.4586
Larimer,GINI Index,0.5312
Lincoln Place,GINI Index,0.38
Lincoln-Lemington-Belmar,GINI Index,0.455597
Lower Lawrenceville,GINI Index,0.4493
Manchester,GINI Index,0.4322
Marshall-Shadeland,GINI Index,0.4541
Middle Hill,GINI Index,0.5216
Morningside,GINI Index,0.4072
Mount Washington,GINI Index,0.431628
Mt. Oliver,GINI Index,0.5589
New Homestead,GINI Index,0.4278
North Oakland,GINI Index,0.435276
North Shore,GINI Index,0.3967
Northview Heights,GINI Index,0.4857
Oakwood,GINI Index,0.3606
Overbrook,GINI Index,0.408534
Perry North,GINI Index,0.421989
Perry South,GINI Index,0.52406
Point Breeze,GINI Index,0.454674
Point Breeze North,GINI Index,0.3945
Polish Hill,GINI Index,0.5199
Regent Square,GINI Index,0.4312
Ridgemont,GINI Index,0.3628
Shadyside,GINI Index,0.564935
Sheraden,GINI Index,0.580393
South Oakland,GINI Index,0.551103
South Shore,GINI Index,0.4315
South Side Flats,GINI Index,0.563745
South Side Slopes,GINI Index,0.403799
Spring Garden,GINI Index,0.4795
Spring Hill-City View,GINI Index,0.5339
Squirrel Hill North,GINI Index,0.557722
Squirrel Hill South,GINI Index,0.535092
St. Clair,GINI Index,0.5589
Stanton Heights,GINI Index,0.413286
Strip District,GINI Index,0.4485
Summer Hill,GINI Index,0.4857
Swisshelm Park,GINI Index,0.4252
Terrace Village,GINI Index,0.509483
Troy Hill,GINI Index,0.4795
Upper Hill,GINI Index,0.473
Upper Lawrenceville,GINI Index,0.3585
West End,GINI Index,0.4666
West Oakland,GINI Index,0.6044
Westwood,GINI Index,0.3628
Windgap,GINI Index,0.4205
Allegheny Center,Poverty Rate,0.173
Allegheny West,Poverty Rate,0.173
Allentown,Poverty Rate,0.247
Arlington,Poverty Rate,0.388
Arlington Heights,Poverty Rate,0.388
Banksville,Poverty Rate,0.07
Bedford Dwellings,Poverty Rate,0.628
Beechview,Poverty Rate,0.097094
Beltzhoover,Poverty Rate,0.448
Bloomfield,Poverty Rate,0.115473
Bluff,Poverty Rate,0.194675
Bon Air,Poverty Rate,0.448
Brighton Heights,Poverty Rate,0.105721
Brookline,Poverty Rate,0.100442
California-Kirkbride,Poverty Rate,0.101
Carrick,Poverty Rate,0.16657
Central Business District,Poverty Rate,0.196
Central Lawrenceville,Poverty Rate,0.107784
Central Northside,Poverty Rate,0.223
Central Oakland,Poverty Rate,0.792368
Chartiers City,Poverty Rate,0.121
Chateau,Poverty Rate,1
Crafton Heights,Poverty Rate,0.275718
Crawford-Roberts,Poverty Rate,0.346
Duquesne Heights,Poverty Rate,0.104
East Allegheny,Poverty Rate,0.176
East Carnegie,Poverty Rate,0.115
East Hills,Poverty Rate,0.511
East Liberty,Poverty Rate,0.144335
Elliot,Poverty Rate,0.115
Esplen,Poverty Rate,0.091326
Fairywood,Poverty Rate,0.121
Fineview,Poverty Rate,0.375
Friendship,Poverty Rate,0.108
Garfield,Poverty Rate,0.267461
Glen Hazel,Poverty Rate,0.166723
Greenfield,Poverty Rate,0.10708
Hays,Poverty Rate,0.246
Hazelwood,Poverty Rate,0.416917
Highland Park,Poverty Rate,0.079412
Homewood North,Poverty Rate,0.371336
Homewood South,Poverty Rate,0.318
Homewood West,Poverty Rate,0.51
Knoxville,Poverty Rate,0.374
Larimer,Poverty Rate,0.328
Lincoln Place,Poverty Rate,0.14
Lincoln-Lemington-Belmar,Poverty Rate,0.418183
Lower Lawrenceville,Poverty Rate,0.112
Manchester,Poverty Rate,0.101
Marshall-Shadeland,Poverty Rate,0.31
Middle Hill,Poverty Rate,0.422
Morningside,Poverty Rate,0.066
Mount Washington,Poverty Rate,0.139386
Mt. Oliver,Poverty Rate,0.388
New Homestead,Poverty Rate,0.246
North Oakland,Poverty Rate,0.510234
North Shore,Poverty Rate,0.046
Northview Heights,Poverty Rate,0.309
Oakwood,Poverty Rate,0.115
Overbrook,Poverty Rate,0.084689
Perry North,Poverty Rate,0.188575
Perry South,Poverty Rate,0.265681
Point Breeze,Poverty Rate,0.061406
Point Breeze North,Poverty Rate,0.104
Polish Hill,Poverty Rate,0.123
Regent Square,Poverty Rate,0.064
Ridgemont,Poverty Rate,0.031
Shadyside,Poverty Rate,0.179013
Sheraden,Poverty Rate,0.299409
South Oakland,Poverty Rate,0.558496
South Shore,Poverty Rate,0.024
South Side Flats,Poverty Rate,0.190115
South Side Slopes,Poverty Rate,0.171255
Spring Garden,Poverty Rate,0.144
Spring Hill-City View,Poverty Rate,0.297
Squirrel Hill North,Poverty Rate,0.143978
Squirrel Hill South,Poverty Rate,0.139472
St. Clair,Poverty Rate,0.388
Stanton Heights,Poverty Rate,0.11929
Strip District,Poverty Rate,0.075
Summer Hill,Poverty Rate,0.309
Swisshelm Park,Poverty Rate,0.077
Terrace Village,Poverty Rate,0.468303
Troy Hill,Poverty Rate,0.144
Upper Hill,Poverty Rate,0.14
Upper Lawrenceville,Poverty Rate,0.175
West End,Poverty Rate,0.115
West Oakland,Poverty Rate,0.633
Westwood,Poverty Rate,0.031
Windgap,Poverty Rate,0.121
Allegheny Center,Housing Units,1017.710567
Allegheny West,Housing Units,387.289433
Allentown,Housing Units,1246
Arlington,Housing Units,916.8085105
Arlington Heights,Housing Units,140.4787237
Banksville,Housing Units,2073
Bedford Dwellings,Housing Units,813
Beechview,Housing Units,3709
Beltzhoover,Housing Units,892.6195515
Bloomfield,Housing Units,5562
Bluff,Housing Units,471
Bon Air,Housing Units,422.3804485
Brighton Heights,Housing Units,3724
Brookline,Housing Units,6578
California-Kirkbride,Housing Units,430.3164232
Carrick,Housing Units,5403
Central Business District,Housing Units,3546
Central Lawrenceville,Housing Units,2936
Central Northside,Housing Units,1870
Central Oakland,Housing Units,2333
Chartiers City,Housing Units,246.8401641
Chateau,Housing Units,5
Crafton Heights,Housing Units,1859
Crawford-Roberts,Housing Units,1972
Duquesne Heights,Housing Units,1493
East Allegheny,Housing Units,1567
East Carnegie,Housing Units,266.5521108
East Hills,Housing Units,1497
East Liberty,Housing Units,4240
Elliot,Housing Units,1458.646788
Esplen,Housing Units,140.868106
Fairywood,Housing Units,547.8647546
Fineview,Housing Units,671
Friendship,Housing Units,1376
Garfield,Housing Units,2103
Glen Hazel,Housing Units,352.877046
Greenfield,Housing Units,3997
Hays,Housing Units,144.6833602
Hazelwood,Housing Units,2102.122954
Highland Park,Housing Units,3499
Homewood North,Housing Units,1592.080681
Homewood South,Housing Units,1530
Homewood West,Housing Units,389.9193189
Knoxville,Housing Units,1748
Larimer,Housing Units,861
Lincoln Place,Housing Units,1584
Lincoln-Lemington-Belmar,Housing Units,1919
Lower Lawrenceville,Housing Units,2008
Manchester,Housing Units,1232.683577
Marshall-Shadeland,Housing Units,2353
Middle Hill,Housing Units,1100
Morningside,Housing Units,1665
Mount Washington,Housing Units,5373
Mt. Oliver,Housing Units,98.75759848
New Homestead,Housing Units,413.3166398
North Oakland,Housing Units,3374
North Shore,Housing Units,304
Northview Heights,Housing Units,712.2031083
Oakwood,Housing Units,556.4478892
Overbrook,Housing Units,1790
Perry North,Housing Units,1842
Perry South,Housing Units,2058
Point Breeze,Housing Units,2455.283503
Point Breeze North,Housing Units,1229
Polish Hill,Housing Units,880
Regent Square,Housing Units,474.7164969
Ridgemont,Housing Units,183.578721
Shadyside,Housing Units,9267
Sheraden,Housing Units,2496.131894
South Oakland,Housing Units,1810
South Shore,Housing Units,191
South Side Flats,Housing Units,4766
South Side Slopes,Housing Units,2659
Spring Garden,Housing Units,601.3290126
Spring Hill-City View,Housing Units,1314
Squirrel Hill North,Housing Units,3659
Squirrel Hill South,Housing Units,7420
St. Clair,Housing Units,233.9551673
Stanton Heights,Housing Units,2267
Strip District,Housing Units,1925
Summer Hill,Housing Units,401.7968917
Swisshelm Park,Housing Units,626
Terrace Village,Housing Units,1183
Troy Hill,Housing Units,1697.670987
Upper Hill,Housing Units,1095
Upper Lawrenceville,Housing Units,1492
West End,Housing Units,136.3532117
West Oakland,Housing Units,686
Westwood,Housing Units,1568.421279
Windgap,Housing Units,674.2950813
Allegheny Center,Vacant Housing Unit Ratio,0.044839858
Allegheny West,Vacant Housing Unit Ratio,0.044839858
Allentown,Vacant Housing Unit Ratio,0.210272873
Arlington,Vacant Housing Unit Ratio,0.175539568
Arlington Heights,Vacant Housing Unit Ratio,0.175539568
Banksville,Vacant Housing Unit Ratio,0.082489146
Bedford Dwellings,Vacant Housing Unit Ratio,0.057810578
Beechview,Vacant Housing Unit Ratio,0.12779725
Beltzhoover,Vacant Housing Unit Ratio,0.165019011
Bloomfield,Vacant Housing Unit Ratio,0.132686084
Bluff,Vacant Housing Unit Ratio,0.3014862
Bon Air,Vacant Housing Unit Ratio,0.165019011
Brighton Heights,Vacant Housing Unit Ratio,0.085123523
Brookline,Vacant Housing Unit Ratio,0.05548799
California-Kirkbride,Vacant Housing Unit Ratio,0.202645821
Carrick,Vacant Housing Unit Ratio,0.171571349
Central Business District,Vacant Housing Unit Ratio,0.299492386
Central Lawrenceville,Vacant Housing Unit Ratio,0.120572207
Central Northside,Vacant Housing Unit Ratio,0.169518717
Central Oakland,Vacant Housing Unit Ratio,0.275182169
Chartiers City,Vacant Housing Unit Ratio,0.101429544
Chateau,Vacant Housing Unit Ratio,0
Crafton Heights,Vacant Housing Unit Ratio,0.09521248
Crawford-Roberts,Vacant Housing Unit Ratio,0.197261663
Duquesne Heights,Vacant Housing Unit Ratio,0.094440723
East Allegheny,Vacant Housing Unit Ratio,0.206126356
East Carnegie,Vacant Housing Unit Ratio,0.083839611
East Hills,Vacant Housing Unit Ratio,0.177020708
East Liberty,Vacant Housing Unit Ratio,0.20990566
Elliot,Vacant Housing Unit Ratio,0.119122257
Esplen,Vacant Housing Unit Ratio,0.11981206
Fairywood,Vacant Housing Unit Ratio,0.101429544
Fineview,Vacant Housing Unit Ratio,0.093889717
Friendship,Vacant Housing Unit Ratio,0.10247093
Garfield,Vacant Housing Unit Ratio,0.147408464
Glen Hazel,Vacant Housing Unit Ratio,0.170863309
Greenfield,Vacant Housing Unit Ratio,0.103577683
Hays,Vacant Housing Unit Ratio,0.078853047
Hazelwood,Vacant Housing Unit Ratio,0.184911287
Highland Park,Vacant Housing Unit Ratio,0.083738211
Homewood North,Vacant Housing Unit Ratio,0.279672302
Homewood South,Vacant Housing Unit Ratio,0.386928105
Homewood West,Vacant Housing Unit Ratio,0.214760148
Knoxville,Vacant Housing Unit Ratio,0.326659039
Larimer,Vacant Housing Unit Ratio,0.306620209
Lincoln Place,Vacant Housing Unit Ratio,0.11489899
Lincoln-Lemington-Belmar,Vacant Housing Unit Ratio,0.211568525
Lower Lawrenceville,Vacant Housing Unit Ratio,0.162848606
Manchester,Vacant Housing Unit Ratio,0.202645821
Marshall-Shadeland,Vacant Housing Unit Ratio,0.085422864
Middle Hill,Vacant Housing Unit Ratio,0.193636364
Morningside,Vacant Housing Unit Ratio,0.123123123
Mount Washington,Vacant Housing Unit Ratio,0.110552764
Mt. Oliver,Vacant Housing Unit Ratio,0.175539568
New Homestead,Vacant Housing Unit Ratio,0.078853047
North Oakland,Vacant Housing Unit Ratio,0.192056906
North Shore,Vacant Housing Unit Ratio,0.095394737
Northview Heights,Vacant Housing Unit Ratio,0.110412926
Oakwood,Vacant Housing Unit Ratio,0.083839611
Overbrook,Vacant Housing Unit Ratio,0.108379888
Perry North,Vacant Housing Unit Ratio,0.157437568
Perry South,Vacant Housing Unit Ratio,0.193391642
Point Breeze,Vacant Housing Unit Ratio,0.077574314
Point Breeze North,Vacant Housing Unit Ratio,0.078112286
Polish Hill,Vacant Housing Unit Ratio,0.244318182
Regent Square,Vacant Housing Unit Ratio,0.06431853
Ridgemont,Vacant Housing Unit Ratio,0.059931507
Shadyside,Vacant Housing Unit Ratio,0.143304198
Sheraden,Vacant Housing Unit Ratio,0.120635573
South Oakland,Vacant Housing Unit Ratio,0.199447514
South Shore,Vacant Housing Unit Ratio,0.308900524
South Side Flats,Vacant Housing Unit Ratio,0.126940831
South Side Slopes,Vacant Housing Unit Ratio,0.189544942
Spring Garden,Vacant Housing Unit Ratio,0.17877338
Spring Hill-City View,Vacant Housing Unit Ratio,0.086757991
Squirrel Hill North,Vacant Housing Unit Ratio,0.115605357
Squirrel Hill South,Vacant Housing Unit Ratio,0.088544474
St. Clair,Vacant Housing Unit Ratio,0.175539568
Stanton Heights,Vacant Housing Unit Ratio,0.010586678
Strip District,Vacant Housing Unit Ratio,0.228051948
Summer Hill,Vacant Housing Unit Ratio,0.110412926
Swisshelm Park,Vacant Housing Unit Ratio,0.023961661
Terrace Village,Vacant Housing Unit Ratio,0.14454776
Troy Hill,Vacant Housing Unit Ratio,0.17877338
Upper Hill,Vacant Housing Unit Ratio,0.290410959
Upper Lawrenceville,Vacant Housing Unit Ratio,0.233914209
West End,Vacant Housing Unit Ratio,0.119122257
West Oakland,Vacant Housing Unit Ratio,0.342565598
Westwood,Vacant Housing Unit Ratio,0.059931507
Windgap,Vacant Housing Unit Ratio,0.101429544
