5 Year,Neighborhood,SEX AND AGE!!Total population,SEX AND AGE!Male,SEX AND AGE!Female,SEX AND AGE!65 years and over,SEX AND AGE!Below 18 years,SEX AND AGE!Median age (years),RACE!Total population,RACE!Hispanic or Latino,RACE!White,RACE!Black,RACE!Asian,RACE!Other Race,Race!MinorityRatio,ENROLL!TotalStudents,ENROLL!CollegeorGrad,EDUCATION!Population 25 years and over,EDUCATION!Less than High School,EDUCATION!High School or Higher,EDUCATION!Bachelors Degree or Higher,INCOME!Total households,"INCOME!Less than $10,000","INCOME!$10,000 to $14,999","INCOME!$15,000 to $24,999","INCOME!$25,000 to $34,999","INCOME!$35,000 to $49,999","INCOME!$50,000 to $74,999","INCOME!$75,000 to $99,999","INCOME!$100,000 to $149,999","INCOME!$150,000 to $199,999","INCOME!$200,000 or more",INCOME!HH With Food Stamp/SNAP benefits,INCOME!Median household income (dollars),INCOME!Mean household income (dollars),INCOME!MeanMedian Ratio,INCOME!Per capita income (dollars),INCOME!Gini Index,INCOME!Poverty Rate
2024,Allegheny Center,1411.756509,769.2588058,642.4977031,197.7473201,95.61408886,0,1411.756509,57.22358348,970.6278717,188.3307811,152.1133232,43.46094948,0.312467932,233.2404289,124.5880552,1115.497703,25.35222053,1090.145483,789.5405822,972.07657,78.95405822,31.14701379,84.02450233,78.95405822,127.4854518,170.9464013,65.19142422,178.914242,56.49923432,99.9601838,85.47320064,$0 ,$0 ,0.00%,0,0.4903,0.173
2024,Allegheny West,537.2434911,292.7411942,244.5022969,75.25267987,36.38591114,31.3,537.2434911,21.77641652,369.3721283,71.66921892,57.88667682,16.53905052,0.312467932,88.75957112,47.41194482,424.5022967,9.64777947,414.8545172,300.4594178,369.92343,30.04594178,11.85298621,31.97549767,30.04594178,48.51454819,65.05359871,24.80857578,68.08575797,21.50076568,38.0398162,32.52679936,"$93,500 ","$153,127 ",61.06%,"$121,039 ",0.4903,0.173
2024,Allentown,1837,1177,660,268,267,37.9,1837,107,987,718,0,25,0.462710942,319,91,1497,123,1374,375,984,116,114,88,87,155,83,165,109,40,27,481,"$42,945 ","$60,057 ",71.51%,"$32,814 ",0.505,0.247
2024,Arlington,2110.638298,942.5319148,1168.106383,238.7659574,596.2553191,30.3,2110.638298,54.74468084,833.0425531,1030.255319,24.40425532,168.1914893,0.6053125,542.8297872,96.29787233,1335.638298,19.78723404,1315.851064,253.9361702,755.8723403,167.5319149,13.19148936,17.14893617,46.82978723,107.5106383,74.53191488,164.893617,102.2340425,27.04255319,34.9574468,200.5106383,"$57,372 ","$83,186 ",68.97%,"$30,995 ",0.5589,0.388
2024,Arlington Heights,323.404256,144.4202131,178.9840429,36.58510646,91.36170232,30.3,323.404256,8.38829789,127.6436173,157.8617025,3.73936171,25.77127665,0.6053125,83.17553209,14.75531918,204.6542557,3.0319149,201.6223409,38.90957455,115.8191492,25.67021282,2.0212766,2.62765958,7.17553193,16.47340429,11.42021279,25.2659575,15.66489365,4.14361703,5.35638299,30.72340432,"$57,372 ","$83,186 ",68.97%,"$30,995 ",0.5589,0.388
2024,Banksville,3750,1701,2049,803,582,15.692,3750,3,2963,570,65,149,0.209866667,548,200,2874,61,2813,1380,1902,101,28,142,95,193,371,357,525,58,32,103,"$31,252 ","$35,422 ",88.23%,"$13,359 ",0.3365,0.07
2024,Bedford Dwellings,1545,585,960,211,582,42.3,1545,60,53,1410,0,22,0.965695793,375,15,855,166,689,71,766,271,189,85,143,21,45,0,0,0,12,554,"$71,250 ","$92,507 ",77.02%,"$36,754 ",0.5659,0.628
2024,Beechview,6812,3158,3654,1489,989,44.9,6812,358,4958,901,161,434,0.272166765,1176,429,5468,317,5151,1723,3235,134,153,115,298,459,657,400,566,217,236,569,"$103,281 ","$152,653 ",67.66%,"$115,984 ",0.416133,0.097094
2024,Beltzhoover,1880.270842,1001.227254,879.0435887,267.4464664,566.7964452,36.6,1880.270842,295.9559882,586.4815912,889.9043589,0,107.9289039,0.688086643,452.758358,65.16462125,1183.823953,84.84976725,1098.974185,300.028777,745.3203555,126.2564537,0,111.3228946,71.95260263,126.9352518,67.8798138,109.2865002,107.2501058,24.43673297,0,222.6457893,"$72,058 ","$93,689 ",76.91%,"$43,483 ",0.4486,0.448
2024,Bloomfield,8520,4477,4043,1238,749,44.5,8520,420,6826,272,680,322,0.198826291,1543,1011,7086,380,6706,4422,4824,279,99,458,414,527,1048,437,904,355,303,338,"$61,563 ","$69,212 ",88.95%,"$34,718 ",0.445776,0.115473
2024,Bluff,6609,3383,3226,123,190,32.6,6609,373,4233,1557,181,265,0.359509759,4139,3991,2175,409,1766,367,329,28,10,28,12,54,97,40,10,40,10,21,"$60,658 ","$90,633 ",66.93%,"$59,903 ",0.29118,0.194675
2024,Bon Air,889.7291577,473.7727465,415.9564113,126.5535336,268.2035548,30.3,889.7291577,140.0440118,277.5184088,421.0956411,0,51.07109606,0.688086643,214.241642,30.83537875,560.1760473,40.15023275,520.0258146,141.971223,352.6796445,59.74354633,0,52.67710537,34.04739737,60.06474819,32.1201862,51.71349978,50.7498942,11.56326703,0,105.3542107,"$57,372 ","$83,186 ",68.97%,"$30,995 ",0.4486,0.448
2024,Brighton Heights,7023,3551,3472,1444,1103,38,7023,121,4734,1766,37,365,0.32592909,996,266,5604,427,5177,1971,3407,203,129,223,210,371,511,500,715,285,260,565,"$55,833 ","$75,856 ",73.60%,"$32,244 ",0.416921,0.105721
2024,Brookline,13513,6400,7113,2539,2055,34.1,13513,411,11870,575,402,255,0.12158662,1998,650,10381,711,9670,3955,6213,117,240,446,354,817,1244,861,1465,326,343,629,"$31,799 ","$43,707 ",72.75%,"$22,119 ",0.376472,0.100442
2024,California-Kirkbride,708.7412406,374.4244524,334.3167882,71.67627735,108.1613138,39.1,708.7412406,21.47700729,239.6109488,335.3518247,5.951459852,106.35,0.661920409,121.09927,16.04306569,529.4211677,30.01605838,499.4051093,215.8051094,343.1145984,10.35036496,32.86240875,26.13467152,44.76532845,5.692700728,46.3178832,31.82737225,30.79233576,82.28540143,32.08613138,84.87299267,"$92,500 ","$103,053 ",89.76%,"$46,241 ",0.4322,0.101
2024,Carrick,9156,4634,4522,1867,1360,29.61852,9156,663,6065,1776,103,549,0.337592835,1439,332,6936,443,6493,1735,4476,282,450,303,247,780,710,624,681,295,104,1075,"$25,452 ","$35,007 ",72.70%,"$15,033 ",0.424126,0.16657
2024,Central Business District,4600,2164,2436,523,73,35.4,4600,404,2811,485,589,311,0.388913043,1861,1796,2771,0,2771,2005,2484,337,107,131,123,151,186,391,467,216,375,134,"$41,098 ","$53,338 ",77.05%,"$22,350 ",0.5592,0.196
2024,Central Lawrenceville,4654,2422,2232,897,282,36,4654,225,3845,256,116,212,0.173828964,566,359,4183,258,3925,2807,2582,153,171,78,118,152,333,264,517,260,536,108,"$75,338 ","$104,589 ",72.03%,"$52,777 ",0.471941,0.107784
2024,Central Northside,2995,1481,1514,432,473,42.3,2995,114,2138,568,34,141,0.286143573,504,148,2494,107,2387,1446,1553,213,93,171,37,100,227,156,129,112,315,337,"$71,250 ","$92,507 ",77.02%,"$36,754 ",0.5711,0.223
2024,Central Oakland,5418,1841,3577,143,0,30.9,5418,327,4521,173,270,127,0.165559247,4659,4602,548,146,402,185,1691,432,170,346,210,255,96,61,88,19,14,173,"$58,427 ","$78,792 ",74.15%,"$27,542 ",0.528876,0.792368
2024,Chartiers City,553.5000004,256.9221313,296.5778691,105.1885247,110.3975411,43.2,553.5000004,35.79098363,249.1926231,211.385246,34.27868855,22.85245903,0.549787492,129.2172132,51.41803282,401.2622954,34.44672133,366.815574,144.8442624,221.8032788,5.545081971,11.25819673,22.68442624,30.41393445,26.21311477,40.15983609,25.54098362,27.22131149,18.31557378,14.45081968,49.40163938,"$126,470 ","$161,992 ",78.07%,"$71,875 ",0.4205,0.121
2024,Chateau,5,5,0,0,0,44.5,5,0,5,0,0,0,0,0,0,5,0,5,0,5,5,0,0,0,0,0,0,0,0,0,5,"$61,563 ","$69,212 ",88.95%,"$34,718 ",0,1
2024,Crafton Heights,4094,1978,2116,546,1055,40.3,4094,15,2130,1543,0,406,0.479726429,952,169,2694,239,2455,649,1682,73,165,270,152,201,275,162,236,99,49,581,"$54,926 ","$95,399 ",57.58%,"$59,670 ",0.45498,0.275718
2024,Crawford-Roberts,2978,1418,1560,536,447,38,2978,151,670,1782,243,132,0.77501679,610,349,2171,84,2087,946,1583,262,163,243,76,162,328,84,119,75,71,480,"$55,833 ","$75,856 ",73.60%,"$32,244 ",0.5431,0.346
2024,Duquesne Heights,2346,1288,1058,643,159,32.3,2346,48,2065,26,137,70,0.119778346,222,134,2112,51,2061,1322,1352,79,56,99,35,161,54,158,296,210,204,73,"$49,500 ","$69,821 ",70.90%,"$33,574 ",0.4733,0.104
2024,East Allegheny,1934,1004,930,349,145,45.7,1934,32,1332,442,21,107,0.311271975,182,97,1746,226,1520,879,1244,82,180,70,84,157,128,99,216,57,171,340,"$103,750 ","$118,173 ",87.80%,"$52,890 ",0.5261,0.176
2024,East Carnegie,506.2222956,251.3298153,254.8924802,122.4261214,84.85620054,32.6,506.2222956,2.267150396,409.3825858,16.84168866,30.1207124,47.61015832,0.191298784,92.62928761,42.42810027,383.4722956,20.72823219,362.7440634,147.6886544,244.2044855,1.943271768,7.125329816,37.56992085,27.85356201,21.37598945,50.20118734,50.8489446,34.00725594,8.420844328,4.85817942,49.55343008,"$60,658 ","$90,633 ",66.93%,"$59,903 ",0.3606,0.115
2024,East Hills,3994,2052,1942,433,1683,43.9,3994,107,160,3628,53,46,0.95993991,1799,235,1977,190,1787,266,1232,235,293,55,153,63,166,87,77,95,8,744,"$25,727 ","$49,490 ",51.98%,"$23,991 ",0.5629,0.511
2024,East Liberty,6645,3435,3210,579,797,38,6645,194,2723,2700,440,588,0.590218209,1470,935,5161,161,5000,2698,3350,321,96,198,210,470,643,589,332,209,282,581,"$55,833 ","$75,856 ",73.60%,"$32,244 ",0.457433,0.144335
2024,Elliot,2413.397413,1313.239366,1100.158048,301.7889907,393.2402,27.3,2413.397413,11.88865721,1447.672643,828.5479563,10.05963302,115.2285237,0.400151573,298.1309423,64.01584651,1893.954545,214.9103419,1679.044203,317.3356963,1284.889491,116.1430358,113.3994995,141.7493744,69.50291907,279.8407005,222.2264386,78.64804,195.7055879,35.66597163,32.00792326,418.8465386,"$11,986 ","$22,072 ",54.30%,"$11,228 ",0.4666,0.115
2024,Esplen,329.5012002,165.68825,163.8129502,26.47482024,104.9064752,39.5,329.5012002,0,70.82014414,219.8513197,0,38.82973635,0.785068631,99.94244641,22.39328545,201.4292573,33.97601931,167.453238,62.76738632,123.9904081,1.764988016,20.84892094,10.47961635,4.191846538,4.081534787,32.54196655,18.42206242,26.58513199,2.095923269,2.978417277,35.07913682,"$39,976 ","$66,183 ",60.40%,"$33,631 ",0.19118,0.091326
2024,Fairywood,1228.500001,570.2418038,658.2581973,233.4672133,245.0286887,37.4,1228.500001,79.43852466,553.0860661,469.1721316,76.08196728,50.72131152,0.549787492,286.7991806,114.1229509,890.6065582,76.4549181,814.1516401,321.4836068,492.2950824,12.30737706,24.98770494,50.3483607,67.50409842,58.18032792,89.13524598,56.68852464,60.41803284,40.65163938,32.07377052,109.6475411,"$30,436 ","$41,854 ",72.72%,"$22,079 ",0.4205,0.121
2024,Fineview,1255,599,656,131,323,30.9,1255,62,493,504,116,80,0.607171315,336,64,837,56,781,223,608,111,30,46,23,95,121,21,86,43,32,282,"$58,427 ","$78,792 ",74.15%,"$27,542 ",0.5069,0.375
2024,Friendship,1935,938,997,160,143,42.6,1935,86,1222,125,355,147,0.368475452,457,393,1521,30,1491,1131,1235,105,32,120,157,154,248,195,119,42,63,40,"$43,125 ","$62,312 ",69.21%,"$34,696 ",0.4984,0.108
2024,Garfield,4038,2078,1960,525,792,35.4,4038,273,1164,2278,86,237,0.711738484,968,283,2854,233,2621,1319,1793,95,66,341,129,154,223,262,214,186,123,482,"$41,098 ","$53,338 ",77.05%,"$22,350 ",0.509355,0.267461
2024,Glen Hazel,713.7932573,362.3971102,351.3961471,183.8430174,159.5139644,33,713.7932573,49.50433379,251.9643656,334.4715885,4.865810586,72.98715879,0.64700652,165.4375599,16.28988761,509.0060987,36.81091487,472.1951838,93.50818604,292.5833061,31.52199032,65.37110744,23.27126802,17.13611554,23.05971104,45.69630811,34.27223108,37.6571428,9.096950226,5.500481532,103.2398072,"$118,375 ","$163,509 ",72.40%,"$126,696 ",0.307363,0.166723
2024,Greenfield,6582,2989,3593,1487,702,44.4,6582,521,5372,255,261,173,0.183834701,1089,520,5400,311,5089,3248,3583,349,90,281,303,280,553,452,568,366,341,527,"$60,000 ","$91,895 ",65.29%,"$59,384 ",0.46417,0.10708
2024,Hays,352.3739902,189.5403877,162.8336025,61.45153471,71.56381258,29.7,352.3739902,4.407915992,260.8449111,70.2673667,5.18578352,11.66801292,0.259749816,70.00807752,27.74394183,246.3247172,2.074313408,244.2504038,78.04604198,133.2746365,7.77867528,1.037156704,20.74313408,3.88933764,7.77867528,28.52180936,13.74232633,25.41033925,9.593699512,14.77948303,18.4095315,"$58,750 ","$76,931 ",76.37%,"$50,747 ",0.4278,0.246
2024,Hazelwood,4303.206743,2257.60289,2045.603853,911.1569826,1188.486036,39.1,4303.206743,279.4956662,1741.035634,1669.528411,31.13418941,582.0128412,0.595409717,1219.56244,115.7101124,2857.993901,249.1890851,2608.804816,597.491814,1713.416694,169.4780097,279.6288926,262.728732,116.8638845,128.940289,263.3036919,173.7277689,196.3428572,92.90304977,29.49951847,679.7601928,"$92,500 ","$103,053 ",89.76%,"$46,241 ",0.672411,0.416917
2024,Highland Park,6605,2980,3625,1027,1095,20.7,6605,225,4951,744,233,452,0.250416351,1215,302,4984,97,4887,3820,3206,35,103,49,272,399,383,295,571,551,548,106,"$31,042 ","$56,659 ",54.79%,"$14,872 ",0.441303,0.079412
2024,Homewood North,2735.360376,1467.295831,1268.064545,621.3124159,613.9681756,30.3,2735.360376,128.1873599,181.5477364,2248.19229,0,177.4329897,0.933629317,524.5428058,96.41774988,1881.326311,150.7991932,1730.527118,270.1815329,1146.819812,125.9072165,113.5477364,122.1519498,194.2962797,133.2236665,247.3393097,91.25235319,44.15867323,19.23038996,55.71223667,524.6938592,"$57,372 ","$83,186 ",68.97%,"$30,995 ",0.495103,0.371336
2024,Homewood South,2186,941,1245,295,807,27,2186,53,221,1652,0,260,0.898902104,845,138,1214,95,1119,264,938,55,148,239,200,132,73,60,0,31,0,599,"$27,177 ","$35,908 ",75.69%,"$15,698 ",0.41,0.318
2024,Homewood West,671.6396239,359.7041688,311.9354551,136.6875841,185.0318244,32.9,671.6396239,13.81264008,43.45226359,554.8077099,0,59.56701035,0.935304199,144.4571942,21.58225013,435.6736892,28.20080683,407.4728824,74.8184671,306.1801884,33.09278353,43.45226359,38.84805023,58.70372034,28.7763335,52.66069031,24.74764681,17.84132677,7.769610045,0.287763335,143.3061408,"$95,523 ","$118,429 ",80.66%,"$60,616 ",0.4515,0.51
2024,Knoxville,3513,2075,1438,486,832,41.7,3513,688,1012,1391,85,337,0.711927128,763,129,2065,346,1719,428,1177,152,22,63,162,145,229,167,88,64,85,297,"$104,286 ","$128,308 ",81.28%,"$74,745 ",0.4586,0.374
2024,Larimer,1473,687,786,392,316,37.9,1473,35,297,1075,0,66,0.798370672,321,68,1101,177,924,165,597,67,63,156,85,27,67,74,34,3,21,281,"$42,945 ","$60,057 ",71.51%,"$32,814 ",0.5312,0.328
2024,Lincoln Place,3249,1569,1680,707,503,33.5,3249,27,2884,205,65,68,0.112342259,541,93,2514,81,2433,647,1402,46,46,134,94,94,245,185,346,136,76,183,"$101,375 ","$125,320 ",80.89%,"$58,573 ",0.38,0.14
2024,Lincoln-Lemington-Belmar,3644,1775,1869,849,874,36.5,3644,122,292,3125,11,94,0.919868277,836,253,2378,253,2125,618,1513,197,192,298,73,245,231,137,60,16,64,536,"$38,561 ","$60,500 ",63.74%,"$29,425 ",0.455597,0.418183
2024,Lower Lawrenceville,2724,1264,1460,286,100,31.5,2724,109,2186,107,193,129,0.197503671,532,437,2206,32,2174,1788,1681,48,35,81,73,91,350,160,375,94,374,50,"$105,128 ","$136,143 ",77.22%,"$84,490 ",0.4493,0.112
2024,Manchester,2030.258759,1072.575548,957.6832118,205.3237227,309.8386862,38.85307,2030.258759,61.52299271,686.3890512,960.6481753,17.04854015,304.65,0.661920409,346.90073,45.95693431,1516.578832,85.98394162,1430.594891,618.1948906,982.8854016,29.64963504,94.13759125,74.86532848,128.2346715,16.30729927,132.6821168,91.17262775,88.20766424,235.7145986,91.91386862,243.1270073,"$39,186 ","$59,485 ",65.88%,"$27,499 ",0.4322,0.101
2024,Marshall-Shadeland,4472,1767,2705,548,1037,36,4472,228,1603,2162,0,479,0.641547406,977,84,2923,334,2589,550,2152,196,231,251,375,212,383,209,197,57,41,801,"$75,338 ","$104,589 ",72.03%,"$52,777 ",0.4541,0.31
2024,Middle Hill,1746,705,1041,474,539,33.2,1746,1,62,1608,0,75,0.964490263,473,60,1161,123,1038,104,887,175,112,77,122,133,183,37,31,0,17,414,"$36,365 ","$58,825 ",61.82%,"$33,301 ",0.5216,0.422
2024,Morningside,3222,1573,1649,537,536,36.7,3222,121,2513,296,74,218,0.220049659,486,167,2547,98,2449,1424,1460,54,39,57,123,134,225,312,248,160,108,221,"$68,845 ","$118,432 ",58.13%,"$61,584 ",0.4072,0.066
2024,Mount Washington,8711,4305,4406,1558,727,19.56918,8711,452,7109,713,78,359,0.183905407,1386,815,6816,208,6608,3691,4779,170,247,315,234,572,904,649,742,505,441,617,"$16,638 ","$28,676 ",58.02%,"$11,440 ",0.431628,0.139386
2024,Mt. Oliver,227.3556224,101.5284951,125.8271273,25.71960478,64.22796333,40.5,227.3556224,5.897036456,89.73442222,110.9779632,2.628799384,18.11740116,0.6053125,58.47302414,10.37310027,143.8734798,2.13145896,141.7420208,27.35372332,81.42173227,18.04635253,1.42097264,1.847264432,5.044452872,11.58092702,8.028495416,17.762158,11.01253796,2.912993912,3.765577496,21.59878413,"$87,813 ","$98,727 ",88.95%,"$46,465 ",0.5589,0.388
2024,New Homestead,1006.62601,541.4596123,465.1663975,175.5484653,204.4361874,45.5,1006.62601,12.59208401,745.1550889,200.7326333,14.81421648,33.33198708,0.259749816,199.9919225,79.25605817,703.6752828,5.925686592,697.7495962,222.953958,380.7253635,22.22132472,2.962843296,59.25686592,11.11066236,22.22132472,81.47819064,39.25767367,72.58966075,27.40630049,42.22051697,52.5904685,"$83,500 ","$88,785 ",94.05%,"$39,307 ",0.4278,0.246
2024,North Oakland,10103,4169,5934,1106,225,36.6,10103,467,6269,784,2167,416,0.37949124,7596,7543,2736,83,2653,2143,2726,421,271,348,298,305,397,230,146,38,272,324,"$72,058 ","$93,689 ",76.91%,"$43,483 ",0.435276,0.510234
2024,North Shore,366,233,133,44,0,22.57964,366,24,326,0,16,0,0.109289617,23,23,358,8,350,280,275,17,0,0,8,7,17,59,69,19,79,0,"$26,842 ","$41,735 ",64.31%,"$19,925 ",0.3967,0.046
2024,Northview Heights,1799.687388,895.0487896,904.6385981,202.0252982,593.2894834,31.2,1799.687388,30.04806651,581.1423927,1125.843513,0,62.65341527,0.677087034,420.0336105,56.8995302,1058.714854,83.75099388,974.9638601,274.268522,633.5666789,60.73545358,44.11311892,24.29418143,17.26165523,161.1087821,113.1597398,63.29273584,67.12865922,15.9830141,66.48933866,236.5486087,"$52,099 ","$72,445 ",71.92%,"$23,180 ",0.4857,0.309
2024,Oakwood,1056.777704,524.6701847,532.1075198,255.5738786,177.1437995,45.00766,1056.777704,4.732849604,854.6174142,35.15831134,62.8792876,99.38984168,0.191298784,193.3707124,88.57189973,800.5277044,43.27176781,757.2559366,308.3113456,509.7955145,4.056728232,14.87467018,78.43007915,58.14643799,44.62401055,104.7988127,106.1510554,70.99274406,17.57915567,10.14182058,103.4465699,"$40,931 ","$60,178 ",68.02%,"$28,624 ",0.3606,0.115
2024,Overbrook,3597,1887,1710,723,658,41.88699,3597,49,3063,115,98,272,0.148457048,578,133,2703,192,2511,758,1596,66,92,78,130,180,320,172,408,78,72,199,"$69,125 ","$85,867 ",80.50%,"$38,560 ",0.408534,0.084689
2024,Perry North,3799,1963,1836,474,744,44.70424,3799,122,2547,765,18,347,0.329560411,835,195,2840,61,2779,1083,1552,135,86,65,74,132,198,315,303,132,112,269,"$30,955 ","$47,847 ",64.70%,"$22,694 ",0.421989,0.188575
2024,Perry South,3552,1829,1723,771,615,36.1,3552,61,1188,1950,77,276,0.665540541,729,138,2518,358,2160,780,1660,224,128,235,178,225,340,113,90,42,85,552,"$75,808 ","$78,604 ",96.44%,"$40,213 ",0.52406,0.265681
2024,Point Breeze,5379.958072,2714.934614,2665.023458,1228.698278,962.4364859,39.35843,5379.958072,236.7738956,4414.880208,189.8417768,269.2892438,269.1729473,0.1793839,1229.476915,431.114799,4110.385824,14.33441477,4096.051409,3409.563263,2264.81657,120.6171699,30.06139256,46.54604442,42.91115547,108.7092588,253.2101322,150.1664586,409.3394059,304.7529323,798.5026202,65.12927374,"$85,884 ","$92,238 ",93.11%,"$39,163 ",0.454674,0.061406
2024,Point Breeze North,2338,1041,1297,292,217,22.7,2338,110,1369,321,161,377,0.414456801,485,358,1793,40,1753,1369,1133,30,3,59,38,118,83,390,160,107,145,71,"$32,083 ","$48,008 ",66.83%,"$15,811 ",0.3945,0.104
2024,Polish Hill,1115,661,454,248,31,33.83159,1115,0,1017,35,5,58,0.087892377,125,105,1015,54,961,522,665,35,79,52,32,105,78,66,77,63,78,150,"$60,286 ","$89,228 ",67.56%,"$41,126 ",0.5199,0.123
2024,Regent Square,1017.041928,511.0653864,505.9765418,227.3017223,179.5635141,35.78715,1017.041928,40.22610438,825.1197917,58.1582232,40.71075624,52.82705274,0.188706219,204.5230849,58.88520099,801.6141764,2.66558523,798.9485912,641.4367367,444.1834297,27.38283009,1.93860744,1.45395558,5.08884453,30.29074125,69.78986784,36.83354136,89.6605941,63.24706773,118.4973798,19.87072626,"$57,213 ","$78,771 ",72.63%,"$42,735 ",0.4312,0.064
2024,Ridgemont,382.1413216,193.3234819,188.8178398,63.39333687,76.17678663,38.47632,382.1413216,23.8903815,261.0128961,23.68081675,69.05158513,4.505642125,0.316972854,58.46856525,18.0225685,290.4567435,30.177324,260.2794195,100.2767329,172.5765716,4.6104245,0,5.029554,5.343901125,23.36646963,52.18162275,31.64427725,22.73777538,17.49865663,10.16389038,25.04298763,"$45,973 ","$68,301 ",67.31%,"$29,433 ",0.3628,0.031
2024,Shadyside,14218,6985,7233,1976,1172,58.80174,14218,1001,9042,644,3093,438,0.364045576,4667,3832,10199,211,9988,8562,7939,940,182,372,438,833,1263,850,1046,686,1329,267,"$52,837 ","$77,301 ",68.35%,"$32,130 ",0.564935,0.179013
2024,Sheraden,5184.4988,2637.31175,2547.18705,579.5251798,1209.093525,39.2,5184.4988,174,2119.179856,2288.14868,81,522.1702636,0.591246919,1368.057554,475.6067145,3650.570743,433.0239807,3217.546762,1100.232614,2195.009592,118.235012,214.1510791,114.5203837,248.8081535,117.9184652,603.4580335,313.5779376,338.414868,39.90407673,86.02158272,514.9208632,"$40,632 ","$53,110 ",76.51%,"$26,593 ",0.580393,0.299409
2024,South Oakland,3280,1794,1486,245,75,40.80852,3280,29,2069,612,413,157,0.369207317,2031,1944,1331,99,1232,618,1449,405,79,186,232,142,115,135,93,43,19,133,"$79,503 ","$92,416 ",86.03%,"$46,540 ",0.551103,0.558496
2024,South Shore,167,94,73,0,14,28,167,25,138,0,4,0,0.173652695,15,8,131,7,124,108,132,4,0,0,6,11,16,32,24,7,32,0,"$82,409 ","$126,067 ",65.37%,"$68,245 ",0.4315,0.024
2024,South Side Flats,7335,3343,3992,1013,435,35.37608,7335,120,5987,882,194,152,0.183776414,1586,1250,4708,296,4412,2830,4161,369,147,308,189,657,576,393,667,316,539,312,"$98,973 ","$131,529 ",75.25%,"$76,014 ",0.563745,0.190115
2024,South Side Slopes,4085,2172,1913,582,280,52.80001,4085,262,3348,316,38,121,0.180416157,796,525,3268,175,3093,1333,2155,73,114,201,61,422,374,345,230,196,139,427,"$89,955 ","$103,434 ",86.97%,"$42,173 ",0.403799,0.171255
2024,Spring Garden,985.0391742,518.675699,466.3634752,144.9048599,125.5493371,44.4537,985.0391742,34.26450659,721.3855662,145.6895433,22.49425623,61.20530185,0.267657993,151.705449,77.68365234,803.2541964,35.8338733,767.4203231,288.7634754,493.8273927,20.6633284,12.29337259,26.67923414,25.89455078,70.35994101,86.31516927,112.7328423,73.23711332,21.70957288,43.94226799,68.7905743,"$155,961 ","$209,859 ",74.32%,"$88,044 ",0.4795,0.144
2024,Spring Hill-City View,2643,1256,1387,473,641,21.2352,2643,67,1557,755,10,254,0.410896708,452,45,1832,145,1687,542,1200,214,53,220,99,116,171,81,137,65,44,439,"$21,533 ","$31,223 ",68.97%,"$11,373 ",0.5339,0.297
2024,Squirrel Hill North,12183,5725,6458,1313,1664,42.6857,12183,731,8014,476,2271,691,0.342198145,6935,5601,5270,44,5226,4509,3236,226,58,187,168,157,411,235,304,316,1174,69,"$68,285 ","$91,764 ",74.41%,"$51,018 ",0.557722,0.143978
2024,Squirrel Hill South,14819,7263,7556,2997,2638,36.26244,14819,690,10200,654,2134,1141,0.311694446,4548,2293,10436,218,10218,8169,6763,462,400,471,374,630,802,644,680,656,1644,582,"$102,903 ","$135,210 ",76.11%,"$65,162 ",0.535092,0.139472
2024,St. Clair,538.601824,240.519377,298.082447,60.92933134,152.1550153,24.17019,538.601824,13.96998481,212.5794074,262.9050153,6.22758359,42.91983285,0.6053125,138.5216566,24.57370822,340.8339668,5.0493921,335.7845747,64.80053195,192.8867782,42.75151978,3.3662614,4.37613982,11.95022797,27.43503041,19.01937691,42.0782675,26.08852585,6.90083587,8.92059271,51.16717328,"$42,285 ","$51,424 ",82.23%,"$11,464 ",0.5589,0.388
2024,Stanton Heights,4589,2094,2495,1102,713,32.74296,4589,104,2782,1348,134,221,0.393767705,799,329,3566,109,3457,1803,2243,208,5,152,98,168,436,368,470,223,115,216,"$65,662 ","$90,974 ",72.18%,"$46,005 ",0.413286,0.11929
2024,Strip District,1928,1115,813,132,55,42.35419,1928,87,1510,51,211,69,0.216804979,129,105,1815,4,1811,1587,1486,81,10,6,39,31,232,171,460,88,368,0,"$70,238 ","$86,963 ",80.77%,"$42,563 ",0.4485,0.075
2024,Summer Hill,1015.312612,504.9512104,510.3614019,113.9747018,334.7105166,40.54376,1015.312612,16.95193349,327.8576073,635.1564868,0,35.34658473,0.677087034,236.9663895,32.1004698,597.285146,47.24900612,550.0361399,154.731478,357.4333211,34.26454642,24.88688108,13.70581857,9.738344772,90.89121787,63.84026017,35.70726416,37.87134078,9.0169859,37.51066134,133.4513913,"$78,896 ","$94,802 ",83.22%,"$47,836 ",0.4857,0.309
2024,Swisshelm Park,1369,622,747,371,193,27.98722,1369,22,1237,53,21,36,0.096420745,204,52,1069,3,1066,608,611,53,2,14,38,56,68,55,170,51,104,23,"$69,962 ","$122,391 ",57.16%,"$70,728 ",0.4252,0.077
2024,Terrace Village,3189,1382,1807,174,523,33.23244,3189,75,1024,1530,314,246,0.678896206,1958,1460,1249,171,1078,209,1012,267,76,354,36,77,121,34,45,2,0,559,"$66,397 ","$87,811 ",75.61%,"$50,448 ",0.509483,0.468303
2024,Troy Hill,2780.960826,1464.324301,1316.636525,409.0951401,354.4506629,35.64988,2780.960826,96.73549341,2036.614434,411.3104567,63.50574377,172.7946982,0.267657993,428.294551,219.3163477,2267.745804,101.1661267,2166.579677,815.2365246,1394.172607,58.3366716,34.70662741,75.32076586,73.10544922,198.640059,243.6848307,318.2671577,206.7628867,61.29042712,124.057732,194.2094257,"$75,559 ","$96,339 ",78.43%,"$54,482 ",0.4795,0.144
2024,Upper Hill,1550,702,848,415,283,43.14988,1550,0,439,911,81,119,0.716774194,362,150,1138,11,1127,587,777,36,56,39,197,146,65,85,67,69,17,189,"$56,563 ","$70,167 ",80.61%,"$34,946 ",0.473,0.14
2024,Upper Lawrenceville,2549,1332,1217,277,177,28.75535,2549,68,2277,74,96,34,0.106708513,218,154,2319,99,2220,1484,1143,22,8,40,43,57,208,188,204,146,227,65,"$21,684 ","$39,938 ",54.29%,"$29,221 ",0.3585,0.175
2024,West End,225.6025866,122.7606345,102.8419521,28.21100931,36.75980001,25.10903,225.6025866,1.111342791,135.3273568,77.45204374,0.940366977,10.77147628,0.400151573,27.86905768,5.98415349,177.0454554,20.08965815,156.9557973,29.66430373,120.1105093,10.85696419,10.60050047,13.25062559,6.497080932,26.15929954,20.7735614,7.351960002,18.2944121,3.334028373,2.992076745,39.15346141,"$158,340 ","$253,398 ",62.49%,"$66,464 ",0.4666,0.115
2024,West Oakland,2102,858,1244,147,110,40.15626,2102,88,1128,611,220,55,0.463368221,1505,1431,527,15,512,182,451,66,58,79,30,73,59,47,2,10,27,147,"$73,481 ","$85,443 ",86.00%,"$40,061 ",0.6044,0.633
2024,Westwood,3264.858678,1651.676518,1613.18216,541.6066631,650.8232134,30.5858,3264.858678,204.1096185,2229.987104,202.3191833,589.9484149,38.49435788,0.316972854,499.5314348,153.9774315,2481.543257,257.822676,2223.720581,856.7232671,1474.423428,39.3895755,0,42.970446,45.65609888,199.6335304,445.8183773,270.3557228,194.2622246,149.5013434,86.83610963,213.9570124,"$73,702 ","$127,397 ",57.85%,"$72,629 ",0.3628,0.031
